author_id,name
1,Ashley Rivera
2,Lisa Taylor
3,George Nelson
4,William Hall
5,Donna Brown
6,Betty White
7,Betty Nguyen
8,Thomas Roberts
9,Mark Thompson
10,Mary Jackson
11,Karen Rodriguez
12,Joshua Young
13,Patricia Flores
14,Linda Lewis
15,Christopher Sanchez
16,Robert Moore
17,Mark Anderson
18,Mary Martinez
19,Anthony Roberts
20,Steven Lopez
21,Lisa Jones
22,Nancy Anderson
23,Christopher Robinson
24,Charles Torres
25,Emily Scott
26,Thomas Green
27,Kimberly Thomas
28,Sarah Hernandez
29,Brian Nguyen
30,Lisa Robinson
31,Jessica Brown
32,James Jones
33,Christopher Hill
34,Nancy Garcia
35,Mary Nguyen
36,Deborah Martinez
37,Nancy Moore
38,Kevin Nguyen
39,Deborah Martin
40,Deborah Perez
41,Charles Wilson
42,Jessica Lewis
43,Steven Wright
44,Thomas Hernandez
45,Steven Lee
46,Timothy Harris
47,Andrew Roberts
48,Linda Jones
49,Betty Jones
50,Charles Davis
51,Susan Williams
52,Elizabeth Green
53,Andrew Clark
54,Daniel Gonzalez
55,Timothy Nguyen
56,Elizabeth Allen
57,Nancy Williams
58,Barbara Lee
59,Ashley Harris
60,John Roberts
61,Barbara King
62,George Davis
63,Mary Sanchez
64,Amanda Harris
65,Linda Carter
66,Christopher Harris
67,Sarah Nelson
68,Joseph Torres
69,Andrew Miller
70,George Jones
71,Matthew Nelson
72,Deborah Williams
73,Brian Torres
74,Sandra Mitchell
75,Michael Hernandez
76,Thomas King
77,Karen Gonzalez
78,Kenneth White
79,Christopher Nelson
80,Ashley Young
81,Melissa Taylor
82,Jessica Sanchez
83,Jennifer White
84,Paul Green
85,Margaret Green
86,Linda Johnson
87,Susan Davis
88,Donald Flores
89,Patricia Moore
90,Paul Johnson
91,Emily Torres
92,Steven Rivera
93,Christopher Perez
94,Joseph Green
95,Anthony Green
96,Sarah Jones
97,Jessica Adams
98,Donald Scott
99,Donna Garcia
100,Daniel Baker
101,Robert Rivera
102,Richard Brown
103,David Rivera
104,William Miller
105,Susan Moore
106,Susan White
107,Robert Anderson
108,Deborah Torres
109,Joseph Scott
110,Timothy Jackson
111,Sandra Moore
112,Emily Nguyen
113,Amanda Davis
114,Michael Torres
115,Amanda Lopez
116,Deborah Rodriguez
117,Timothy Lewis
118,Brian Scott
119,Emily King
120,Susan Campbell
121,Nancy Miller
122,Betty Thomas
123,Emily Robinson
124,Amanda Hernandez
125,Christopher Gonzalez
126,Sarah Lopez
127,Christopher Torres
128,James White
129,Daniel Carter
130,Margaret Martinez
131,Joshua Carter
132,Susan Rodriguez
133,Carol White
134,Patricia Carter
135,Sarah Rivera
136,Joshua Mitchell
137,Mary Hill
138,John Miller
139,Jessica Hernandez
140,Michelle Scott
141,Margaret Hall
142,Daniel White
143,Richard Gonzalez
144,Timothy Taylor
145,Linda Moore
146,Carol Jackson
147,Kenneth Miller
148,Andrew Wright
149,Joshua Adams
150,Christopher Hall
