isbn,title,description,num_pages,num_copies,registration_date
979-0-65-427475-6,Silicon Dreams #603,Unlock the truth about dystopian future in this exploration of artificial intelligence and technology.,201,2.0,2026-01-01
979-1-18-374674-2,Infinite Void #565,Everything changes when galaxy meets alien. A deep dive into starship.,202,3.0,2026-01-01
979-1-33-233801-9,Love's Echo #249,Unlock the truth about affection in this exploration of falling in love and heartbreak.,203,4.0,2026-01-01
978-0-59-719948-8,Broken Protocol #545,Everything changes when undercover meets spy. A deep dive into danger.,204,5.0,2026-01-01
979-0-50-696768-1,Broken Glass #120,Unlock the truth about growth in this exploration of relationships and emotion.,205,6.0,2026-01-01
978-2-67-337669-4,Starbound Odyssey #319,Everything changes when starship meets artificial intelligence. A deep dive into dystopian future.,206,7.0,2026-01-01
978-9-89-773820-3,Empire's End #592,"A compelling story involving past, ancestors, and the search for ancient history.",207,8.0,2026-01-01
978-4-37-536876-0,Nebula Rising #284,Unlock the truth about quantum in this exploration of artificial intelligence and dystopian future.,208,9.0,2026-01-01
979-2-44-468769-9,The Great Expedition #125,Everything changes when exploration meets expedition. A deep dive into survival.,209,10.0,2026-01-01
978-9-46-536945-7,Ancient Civilizations #517,Everything changes when real-world meets analysis. A deep dive into facts.,210,1.0,2026-01-01
978-2-16-652968-3,Chasing Shadows #256,Unlock the truth about tragedy in this exploration of family secrets and life.,211,2.0,2026-01-01
978-1-99-711726-4,Infinite Void #383,"A compelling story involving artificial intelligence, dystopian future, and the search for starship.",212,3.0,2026-01-01
979-3-57-559573-5,Wings of Magic #861,Unlock the truth about legendary in this exploration of sorcerer and quest.,213,4.0,2026-01-01
978-3-23-738262-5,Starlight Promises #616,"A compelling story involving falling in love, affection, and the search for passion.",214,5.0,2026-01-01
978-3-14-858430-7,Wings of Magic #915,Unlock the truth about sorcerer in this exploration of dragon and magical artifacts.,215,6.0,2026-01-01
979-8-83-783430-7,The Assassin's Mark #343,Everything changes when suspense meets danger. A deep dive into betrayal.,216,7.0,2026-01-01
979-2-30-961032-8,The Great Expedition #927,Everything changes when expedition meets exploration. A deep dive into wildlife.,217,8.0,2026-01-01
979-5-91-691059-3,Starbound Odyssey #873,"A compelling story involving galaxy, technology, and the search for dystopian future.",218,9.0,2026-01-01
978-6-03-440761-2,The Space Age #986,Everything changes when analysis meets discovery. A deep dive into facts.,219,10.0,2026-01-01
978-8-20-168937-7,Kingdom of Dust #982,"A compelling story involving dragon, ancient kingdom, and the search for legendary.",220,1.0,2026-01-01
979-0-91-961636-6,The Dragon's Eye #291,Unlock the truth about sorcerer in this exploration of legendary and ancient kingdom.,221,2.0,2026-01-01
978-1-65-472358-1,Crimson Night #385,Unlock the truth about monster in this exploration of terrifying and ghost.,222,3.0,2026-01-01
979-3-25-194535-7,Mastering the Mind #627,Unlock the truth about comprehensive guide in this exploration of analysis and discovery.,223,4.0,2026-01-01
978-3-37-812531-3,The Midnight Clue #128,"A compelling story involving mystery, crime scene, and the search for hidden truth.",224,5.0,2026-01-01
979-6-51-303138-7,Starbound Odyssey #840,Unlock the truth about technology in this exploration of starship and dystopian future.,225,6.0,2026-01-01
978-4-09-015791-8,Infinite Void #756,"A compelling story involving galaxy, alien, and the search for artificial intelligence.",226,7.0,2026-01-01
978-6-25-352419-4,Wings of Magic #125,Everything changes when spells meets sorcerer. A deep dive into magical artifacts.,227,8.0,2026-01-01
979-4-31-824308-7,Shadow in the Attic #108,Unlock the truth about investigation in this exploration of hidden truth and crime scene.,228,9.0,2026-01-01
978-8-81-895654-4,Silicon Dreams #313,Unlock the truth about alien in this exploration of quantum and artificial intelligence.,229,10.0,2026-01-01
979-6-25-451363-4,The Shadow Guest #862,"A compelling story involving terrifying, nightmare, and the search for blood.",230,1.0,2026-01-01
979-3-12-814224-1,Into the Wild #630,"A compelling story involving journey, survival, and the search for map.",231,2.0,2026-01-01
978-8-27-807161-8,Broken Glass #891,Everything changes when tragedy meets relationships. A deep dive into life.,232,3.0,2026-01-01
979-6-13-916586-1,Deadly Secrets #257,Everything changes when suspect meets hidden truth. A deep dive into investigation.,233,4.0,2026-01-01
978-8-20-035928-0,Deadly Secrets #394,Everything changes when hidden truth meets detective. A deep dive into mystery.,234,5.0,2026-01-01
978-2-93-430918-3,No Way Out #162,"A compelling story involving ticking clock, danger, and the search for undercover.",235,6.0,2026-01-01
979-5-66-713521-7,Infinite Void #306,Everything changes when artificial intelligence meets technology. A deep dive into quantum.,236,7.0,2026-01-01
979-1-76-493774-7,Starbound Odyssey #575,Unlock the truth about starship in this exploration of quantum and alien.,237,8.0,2026-01-01
979-2-44-121691-3,The Long Goodbye #720,Everything changes when growth meets life. A deep dive into emotion.,238,9.0,2026-01-01
979-2-54-772411-2,Broken Glass #957,Everything changes when relationships meets struggle. A deep dive into emotion.,239,10.0,2026-01-01
978-8-79-641186-0,Echoes of Rome #379,Unlock the truth about tradition in this exploration of monarchy and ancestors.,240,1.0,2026-01-01
979-8-96-319884-9,Chasing Shadows #848,"A compelling story involving relationships, growth, and the search for family secrets.",241,2.0,2026-01-01
978-8-92-480346-9,Broken Protocol #887,Everything changes when ticking clock meets high-stakes. A deep dive into suspense.,242,3.0,2026-01-01
978-7-50-024950-4,Infinite Void #162,"A compelling story involving starship, technology, and the search for dystopian future.",243,4.0,2026-01-01
979-5-80-783191-8,The Martian Protocol #873,Unlock the truth about alien in this exploration of dystopian future and galaxy.,244,5.0,2026-01-01
979-4-20-897115-9,Prophecy of the Sword #847,Unlock the truth about dragon in this exploration of spells and sorcerer.,245,6.0,2026-01-01
979-3-94-870710-0,Buried Alive #900,Everything changes when nightmare meets blood. A deep dive into ghost.,246,7.0,2026-01-01
979-5-22-290635-2,Whispers in the Dark #917,"A compelling story involving haunted, blood, and the search for terrifying.",247,8.0,2026-01-01
978-6-44-266645-2,The Haunted Manor #559,Everything changes when terrifying meets monster. A deep dive into blood.,248,9.0,2026-01-01
978-4-88-553033-6,Deadly Secrets #418,"A compelling story involving crime scene, investigation, and the search for clue.",249,10.0,2026-01-01
979-7-63-627147-8,Prophecy of the Sword #856,"A compelling story involving sorcerer, legendary, and the search for magical artifacts.",250,1.0,2026-01-01
978-6-68-212389-5,Buried Alive #224,Unlock the truth about terrifying in this exploration of blood and monster.,251,2.0,2026-01-01
978-2-26-872873-9,Silicon Dreams #609,"A compelling story involving galaxy, artificial intelligence, and the search for dystopian future.",252,3.0,2026-01-01
979-1-93-920869-5,Kingdom of Dust #442,Everything changes when sorcerer meets quest. A deep dive into legendary.,253,4.0,2026-01-01
978-2-93-541678-7,Love's Echo #709,"A compelling story involving destiny, affection, and the search for passion.",254,5.0,2026-01-01
979-2-74-698355-9,Kingdom of Dust #218,Unlock the truth about spells in this exploration of magical artifacts and dragon.,255,6.0,2026-01-01
979-0-78-872502-1,Target Acquired #766,Everything changes when suspense meets danger. A deep dive into high-stakes.,256,7.0,2026-01-01
979-2-53-695274-7,Kingdom of Dust #166,"A compelling story involving sorcerer, legendary, and the search for spells.",257,8.0,2026-01-01
979-7-86-212725-4,Family Ties #389,Unlock the truth about tragedy in this exploration of growth and relationships.,258,9.0,2026-01-01
978-6-63-312871-9,The Martian Protocol #247,"A compelling story involving galaxy, alien, and the search for artificial intelligence.",259,10.0,2026-01-01
979-7-55-454803-2,Summer in Paris #410,Everything changes when falling in love meets soulmate. A deep dive into heartbreak.,260,1.0,2026-01-01
979-3-28-804467-7,Starbound Odyssey #995,"A compelling story involving quantum, starship, and the search for dystopian future.",261,2.0,2026-01-01
979-7-36-836128-2,The Great Expedition #465,Everything changes when exploration meets hidden treasure. A deep dive into journey.,262,3.0,2026-01-01
979-2-55-573845-4,Shadow in the Attic #905,Unlock the truth about investigation in this exploration of detective and suspect.,263,4.0,2026-01-01
979-7-58-733995-1,Kingdom of Dust #282,Unlock the truth about ancient kingdom in this exploration of quest and legendary.,264,5.0,2026-01-01
978-3-61-872151-5,The Shadow Guest #756,"A compelling story involving blood, terrifying, and the search for ghost.",265,6.0,2026-01-01
979-4-24-040633-5,The Martian Protocol #925,Unlock the truth about alien in this exploration of galaxy and technology.,266,7.0,2026-01-01
979-1-84-051797-0,Quiet Storms #373,Everything changes when life meets family secrets. A deep dive into struggle.,267,8.0,2026-01-01
978-9-02-017375-7,Love's Echo #668,Unlock the truth about affection in this exploration of romance and soulmate.,268,9.0,2026-01-01
978-7-93-106417-9,Prophecy of the Sword #774,"A compelling story involving ancient kingdom, magical artifacts, and the search for spells.",269,10.0,2026-01-01
978-5-79-677141-1,The Space Age #154,Everything changes when facts meets analysis. A deep dive into discovery.,270,1.0,2026-01-01
978-3-67-761779-5,The Haunted Manor #545,Everything changes when supernatural meets monster. A deep dive into nightmare.,271,2.0,2026-01-01
979-9-21-012301-5,Into the Wild #863,"A compelling story involving wildlife, map, and the search for hidden treasure.",272,3.0,2026-01-01
978-6-33-769610-6,Deadly Secrets #451,Everything changes when crime scene meets suspect. A deep dive into mystery.,273,4.0,2026-01-01
978-0-14-891211-0,Colonial Winds #683,"A compelling story involving past, ancient history, and the search for monarchy.",274,5.0,2026-01-01
978-3-45-176972-8,Broken Protocol #532,Unlock the truth about danger in this exploration of undercover and betrayal.,275,6.0,2026-01-01
979-8-62-562762-1,Kingdom of Dust #694,Unlock the truth about magical artifacts in this exploration of quest and legendary.,276,7.0,2026-01-01
979-8-97-435000-2,Nebula Rising #226,"A compelling story involving artificial intelligence, quantum, and the search for galaxy.",277,8.0,2026-01-01
979-8-72-000728-5,Broken Glass #334,"A compelling story involving tragedy, emotion, and the search for relationships.",278,9.0,2026-01-01
978-1-27-316464-2,A Second Chance #852,Unlock the truth about destiny in this exploration of romance and passion.,279,10.0,2026-01-01
978-0-23-944120-6,Silent Evidence #635,Unlock the truth about clue in this exploration of detective and crime scene.,280,1.0,2026-01-01
979-9-86-535470-7,Silent Evidence #719,"A compelling story involving suspect, hidden truth, and the search for mystery.",281,2.0,2026-01-01
978-0-43-324769-8,Silent Evidence #164,Unlock the truth about clue in this exploration of detective and mystery.,282,3.0,2026-01-01
978-2-69-530180-6,Starbound Odyssey #408,Unlock the truth about technology in this exploration of quantum and starship.,283,4.0,2026-01-01
978-4-77-305897-6,Mastering the Mind #639,Everything changes when comprehensive guide meets biography. A deep dive into real-world.,284,5.0,2026-01-01
979-2-40-137974-2,Broken Glass #770,"A compelling story involving struggle, emotion, and the search for life.",285,6.0,2026-01-01
978-8-54-210309-6,The Martian Protocol #345,Everything changes when alien meets galaxy. A deep dive into technology.,286,7.0,2026-01-01
978-1-43-635904-1,Buried Alive #636,"A compelling story involving blood, haunted, and the search for ghost.",287,8.0,2026-01-01
978-0-62-547215-0,Nebula Rising #883,"A compelling story involving starship, galaxy, and the search for artificial intelligence.",288,9.0,2026-01-01
978-6-08-586078-3,Kingdom of Dust #153,"A compelling story involving spells, ancient kingdom, and the search for legendary.",289,10.0,2026-01-01
978-1-36-680507-7,Target Acquired #661,Everything changes when betrayal meets ticking clock. A deep dive into high-stakes.,290,1.0,2026-01-01
978-0-99-084335-4,Wings of Magic #797,Everything changes when legendary meets magical artifacts. A deep dive into spells.,291,2.0,2026-01-01
979-2-20-639277-1,Silicon Dreams #952,Everything changes when technology meets alien. A deep dive into dystopian future.,292,3.0,2026-01-01
979-3-21-825598-6,The Victorian Secret #792,"A compelling story involving ancestors, past, and the search for ancient history.",293,4.0,2026-01-01
978-2-98-305602-0,Summer in Paris #373,Everything changes when romance meets destiny. A deep dive into passion.,294,5.0,2026-01-01
979-8-74-957610-1,Crimson Night #316,Everything changes when ghost meets monster. A deep dive into haunted.,295,6.0,2026-01-01
979-0-37-846975-0,Nebula Rising #539,Everything changes when starship meets dystopian future. A deep dive into quantum.,296,7.0,2026-01-01
979-2-11-979987-3,Buried Alive #335,Everything changes when ghost meets haunted. A deep dive into terrifying.,297,8.0,2026-01-01
979-2-37-261066-6,Love's Echo #380,Everything changes when affection meets heartbreak. A deep dive into falling in love.,298,9.0,2026-01-01
979-0-84-898522-6,Quiet Storms #622,Unlock the truth about family secrets in this exploration of tragedy and growth.,299,10.0,2026-01-01
979-6-99-167894-8,The Great Expedition #341,"A compelling story involving exploration, map, and the search for wildlife.",300,1.0,2026-01-01
979-2-90-446625-5,Infinite Void #221,Everything changes when galaxy meets alien. A deep dive into technology.,301,2.0,2026-01-02
978-8-60-375800-0,Nebula Rising #535,"A compelling story involving starship, technology, and the search for quantum.",302,4.0,2026-01-03
978-8-93-112519-2,Heartbeats #412,Unlock the truth about heartbreak in this exploration of destiny and soulmate.,303,9.0,2026-01-04
979-1-88-063358-9,Quiet Storms #683,"A compelling story involving family secrets, emotion, and the search for struggle.",304,7.0,2026-01-05
979-0-29-490893-0,Infinite Void #454,Unlock the truth about starship in this exploration of quantum and artificial intelligence.,305,6.0,2026-01-06
978-1-52-527155-7,Infinite Void #788,Unlock the truth about artificial intelligence in this exploration of alien and dystopian future.,306,3.0,2026-01-07
978-7-95-224708-6,The Assassin's Mark #913,Unlock the truth about danger in this exploration of spy and high-stakes.,307,5.0,2026-01-08
979-3-82-947517-2,Crimson Night #913,Unlock the truth about terrifying in this exploration of haunted and monster.,308,4.0,2026-01-09
978-7-48-111435-8,The Great Expedition #586,"A compelling story involving wildlife, exploration, and the search for survival.",309,9.0,2026-01-10
979-1-62-885191-9,Family Ties #656,"A compelling story involving family secrets, life, and the search for growth.",310,6.0,2026-01-11
979-0-27-262619-4,Starbound Odyssey #572,Everything changes when quantum meets galaxy. A deep dive into alien.,311,5.0,2026-01-12
978-7-21-562302-2,Target Acquired #876,Unlock the truth about suspense in this exploration of danger and undercover.,312,3.0,2026-01-13
978-7-96-721658-9,Prophecy of the Sword #342,"A compelling story involving spells, magical artifacts, and the search for ancient kingdom.",313,3.0,2026-01-14
979-4-39-205326-2,Ancient Civilizations #917,Everything changes when biography meets facts. A deep dive into analysis.,314,7.0,2026-01-15
978-4-80-354875-0,Empire's End #570,"A compelling story involving ancient history, tradition, and the search for past.",315,5.0,2026-01-16
978-9-14-531983-9,Broken Protocol #243,Everything changes when high-stakes meets suspense. A deep dive into betrayal.,316,4.0,2026-01-17
978-4-64-683017-3,Nebula Rising #731,"A compelling story involving galaxy, dystopian future, and the search for alien.",317,9.0,2026-01-18
979-7-83-230337-0,The Shadow Guest #230,Everything changes when supernatural meets terrifying. A deep dive into haunted.,318,6.0,2026-01-19
979-5-62-137025-4,Family Ties #322,"A compelling story involving struggle, life, and the search for growth.",319,10.0,2026-01-20
979-8-83-399195-2,Heartbeats #674,"A compelling story involving passion, falling in love, and the search for heartbreak.",320,1.0,2026-01-21
978-5-42-349603-4,The Martian Protocol #882,Unlock the truth about alien in this exploration of galaxy and starship.,321,9.0,2026-01-22
978-2-66-066800-8,Buried Alive #504,"A compelling story involving ghost, monster, and the search for supernatural.",322,7.0,2026-01-23
978-3-36-392416-1,Broken Protocol #452,Everything changes when high-stakes meets danger. A deep dive into betrayal.,323,4.0,2026-01-24
978-8-95-218272-0,Target Acquired #137,"A compelling story involving high-stakes, suspense, and the search for undercover.",324,3.0,2026-01-25
978-0-52-253552-9,Zero Hour #789,Unlock the truth about high-stakes in this exploration of undercover and betrayal.,325,4.0,2026-01-26
978-2-29-699502-0,Starlight Promises #143,Everything changes when soulmate meets passion. A deep dive into romance.,326,4.0,2026-01-27
978-1-66-137709-3,The Dragon's Eye #100,Unlock the truth about magical artifacts in this exploration of spells and dragon.,327,5.0,2026-01-28
978-2-97-515527-2,Shadow in the Attic #381,Everything changes when clue meets suspect. A deep dive into crime scene.,328,8.0,2026-01-29
979-6-66-490644-6,Target Acquired #361,"A compelling story involving spy, betrayal, and the search for undercover.",329,2.0,2026-01-30
978-8-27-430436-7,Starbound Odyssey #899,"A compelling story involving alien, technology, and the search for artificial intelligence.",330,5.0,2026-01-31
979-5-27-825569-0,The Last Wizard #648,Everything changes when legendary meets magical artifacts. A deep dive into ancient kingdom.,331,10.0,2026-02-01
978-5-12-765665-4,The Assassin's Mark #285,Unlock the truth about ticking clock in this exploration of danger and spy.,332,5.0,2026-02-02
979-6-39-100970-4,Broken Protocol #584,"A compelling story involving danger, ticking clock, and the search for high-stakes.",333,1.0,2026-02-03
979-6-79-156990-8,Summer in Paris #136,Unlock the truth about heartbreak in this exploration of destiny and falling in love.,334,2.0,2026-02-04
978-1-39-503676-1,Broken Protocol #959,Everything changes when high-stakes meets ticking clock. A deep dive into suspense.,335,7.0,2026-02-05
979-5-76-251695-1,Shadow in the Attic #899,"A compelling story involving clue, mystery, and the search for detective.",336,9.0,2026-02-06
978-9-04-267848-6,No Way Out #584,"A compelling story involving undercover, danger, and the search for spy.",337,10.0,2026-02-07
978-5-01-936725-4,The Great Expedition #161,"A compelling story involving survival, journey, and the search for exploration.",338,3.0,2026-02-08
979-1-55-850181-1,Silent Evidence #760,"A compelling story involving mystery, crime scene, and the search for investigation.",339,9.0,2026-02-09
978-2-40-685250-9,Colonial Winds #829,Unlock the truth about monarchy in this exploration of revolution and ancestors.,340,9.0,2026-02-10
979-9-65-244613-3,Into the Wild #304,Unlock the truth about wildlife in this exploration of survival and map.,341,7.0,2026-02-11
978-2-11-093436-4,Kingdom of Dust #393,Everything changes when ancient kingdom meets legendary. A deep dive into spells.,342,9.0,2026-02-12
979-2-58-693958-9,Family Ties #980,Unlock the truth about struggle in this exploration of emotion and relationships.,343,9.0,2026-02-13
978-7-54-790780-3,The Midnight Clue #473,Unlock the truth about suspect in this exploration of crime scene and hidden truth.,344,7.0,2026-02-14
979-0-80-260310-2,The Science of Habits #720,"A compelling story involving research, analysis, and the search for real-world.",345,5.0,2026-02-15
978-4-03-091343-7,The Martian Protocol #679,Everything changes when artificial intelligence meets galaxy. A deep dive into quantum.,346,3.0,2026-02-16
979-9-10-516676-5,Ancient Civilizations #482,Everything changes when analysis meets comprehensive guide. A deep dive into facts.,347,3.0,2026-02-17
978-9-31-881064-6,Silicon Dreams #508,"A compelling story involving quantum, technology, and the search for artificial intelligence.",348,6.0,2026-02-18
978-3-86-977649-5,The Long Goodbye #275,"A compelling story involving tragedy, emotion, and the search for relationships.",349,3.0,2026-02-19
978-4-37-372341-0,Prophecy of the Sword #467,Everything changes when quest meets ancient kingdom. A deep dive into spells.,350,1.0,2026-02-20
979-1-47-750261-7,Summer in Paris #493,Unlock the truth about falling in love in this exploration of passion and destiny.,351,5.0,2026-02-21
979-2-80-919093-4,Zero Hour #496,Unlock the truth about spy in this exploration of ticking clock and danger.,352,7.0,2026-02-22
979-9-74-684579-2,Wings of Magic #470,"A compelling story involving ancient kingdom, magical artifacts, and the search for dragon.",353,4.0,2026-02-23
979-7-67-666823-6,Silent Evidence #653,Unlock the truth about hidden truth in this exploration of clue and mystery.,354,10.0,2026-02-24
979-9-12-466932-1,Shadow in the Attic #294,Everything changes when mystery meets clue. A deep dive into detective.,355,10.0,2026-02-25
979-9-41-937525-2,The Last Wizard #416,Everything changes when quest meets dragon. A deep dive into legendary.,356,4.0,2026-02-26
978-2-88-043312-6,The Last Witness #817,Unlock the truth about suspect in this exploration of hidden truth and mystery.,357,6.0,2026-02-27
978-1-62-092898-2,Silicon Dreams #775,Unlock the truth about dystopian future in this exploration of starship and artificial intelligence.,358,8.0,2026-02-28
979-7-19-174459-8,Prophecy of the Sword #408,"A compelling story involving magical artifacts, ancient kingdom, and the search for legendary.",359,1.0,2026-03-01
979-8-09-466870-3,Ancient Civilizations #788,Unlock the truth about discovery in this exploration of comprehensive guide and research.,360,3.0,2026-03-02
978-2-20-100231-0,The Midnight Clue #452,Everything changes when crime scene meets investigation. A deep dive into clue.,361,3.0,2026-03-03
978-3-15-983482-4,The Great Expedition #541,Unlock the truth about wildlife in this exploration of map and hidden treasure.,362,9.0,2026-03-04
979-6-25-655221-7,Nebula Rising #864,Unlock the truth about artificial intelligence in this exploration of technology and dystopian future.,363,10.0,2026-03-05
979-8-53-684074-2,The Last Wizard #168,Everything changes when legendary meets dragon. A deep dive into sorcerer.,364,3.0,2026-03-06
979-7-46-628482-8,Into the Wild #548,"A compelling story involving survival, hidden treasure, and the search for journey.",365,10.0,2026-03-07
978-0-97-054302-6,The Haunted Manor #207,Unlock the truth about supernatural in this exploration of monster and ghost.,366,4.0,2026-03-08
979-3-94-107628-2,Lost Island #746,Unlock the truth about journey in this exploration of map and exploration.,367,2.0,2026-03-09
979-0-07-031361-7,The Martian Protocol #922,Unlock the truth about alien in this exploration of starship and technology.,368,3.0,2026-03-10
978-9-54-401658-1,The Science of Habits #513,"A compelling story involving discovery, real-world, and the search for research.",369,10.0,2026-03-11
978-0-58-982479-2,The Assassin's Mark #390,"A compelling story involving suspense, high-stakes, and the search for betrayal.",370,9.0,2026-03-12
979-9-97-993513-8,The Martian Protocol #853,Unlock the truth about dystopian future in this exploration of starship and quantum.,371,2.0,2026-03-13
979-7-99-450676-8,Silent Evidence #393,Unlock the truth about crime scene in this exploration of suspect and clue.,372,4.0,2026-03-14
979-4-75-669707-6,Kingdom of Dust #395,Unlock the truth about quest in this exploration of magical artifacts and sorcerer.,373,8.0,2026-03-15
979-8-26-757054-6,Colonial Winds #736,Everything changes when revolution meets tradition. A deep dive into century.,374,10.0,2026-03-16
978-9-19-290307-8,Broken Glass #494,"A compelling story involving struggle, life, and the search for emotion.",375,5.0,2026-03-17
979-5-09-721698-3,Empire's End #249,"A compelling story involving ancient history, revolution, and the search for monarchy.",376,2.0,2026-03-18
978-2-26-897804-5,Target Acquired #760,Unlock the truth about undercover in this exploration of betrayal and ticking clock.,377,4.0,2026-03-19
979-0-54-034340-0,The Martian Protocol #858,Unlock the truth about galaxy in this exploration of alien and technology.,378,1.0,2026-03-20
979-5-13-314547-6,Kingdom of Dust #541,Unlock the truth about quest in this exploration of dragon and spells.,379,1.0,2026-03-21
978-5-88-013784-5,The Victorian Secret #582,Everything changes when ancient history meets monarchy. A deep dive into revolution.,380,1.0,2026-03-22
978-8-77-801407-2,Crimson Night #951,"A compelling story involving ghost, haunted, and the search for monster.",381,9.0,2026-03-23
978-8-83-774580-0,Family Ties #817,Unlock the truth about tragedy in this exploration of struggle and family secrets.,382,6.0,2026-03-24
978-2-39-023260-1,The Dragon's Eye #615,"A compelling story involving spells, dragon, and the search for sorcerer.",383,7.0,2026-03-25
979-1-93-301294-0,A Second Chance #247,Everything changes when falling in love meets soulmate. A deep dive into destiny.,384,6.0,2026-03-26
978-0-24-502899-3,Deadly Secrets #106,Everything changes when investigation meets suspect. A deep dive into clue.,385,5.0,2026-03-27
978-5-32-636208-5,Silent Evidence #406,Unlock the truth about mystery in this exploration of hidden truth and detective.,386,9.0,2026-03-28
979-3-32-285589-3,The Martian Protocol #751,"A compelling story involving artificial intelligence, technology, and the search for dystopian future.",387,6.0,2026-03-29
979-2-33-387876-5,Shadow in the Attic #215,Everything changes when crime scene meets investigation. A deep dive into clue.,388,10.0,2026-03-30
979-1-03-281217-4,Quiet Storms #323,Everything changes when family secrets meets relationships. A deep dive into life.,389,3.0,2026-03-31
979-1-30-119586-8,Zero Hour #847,Everything changes when danger meets spy. A deep dive into betrayal.,390,5.0,2026-04-01
978-8-67-295904-0,The Midnight Clue #405,"A compelling story involving investigation, mystery, and the search for crime scene.",391,4.0,2026-04-02
979-8-30-160328-4,Wings of Magic #453,Unlock the truth about magical artifacts in this exploration of dragon and quest.,392,5.0,2026-04-03
978-0-79-077546-5,Zero Hour #823,"A compelling story involving suspense, danger, and the search for spy.",393,3.0,2026-04-04
978-8-32-556025-8,Ancient Civilizations #139,Everything changes when analysis meets comprehensive guide. A deep dive into facts.,394,7.0,2026-04-05
978-7-63-863447-5,Broken Protocol #802,"A compelling story involving undercover, high-stakes, and the search for danger.",395,8.0,2026-04-06
979-2-60-895036-4,Starbound Odyssey #596,"A compelling story involving technology, artificial intelligence, and the search for dystopian future.",396,4.0,2026-04-07
978-0-73-224064-1,Nebula Rising #178,"A compelling story involving alien, dystopian future, and the search for starship.",397,2.0,2026-04-08
979-8-70-737079-4,The Martian Protocol #779,Unlock the truth about technology in this exploration of starship and alien.,398,8.0,2026-04-09
978-7-65-181519-0,The Great Expedition #959,Everything changes when journey meets exploration. A deep dive into hidden treasure.,399,9.0,2026-04-10
978-0-00-759418-1,Infinite Void #102,Unlock the truth about galaxy in this exploration of starship and technology.,400,10.0,2026-04-11
978-1-40-297171-9,Treasure of the Maya #930,"A compelling story involving expedition, journey, and the search for map.",401,9.0,2026-04-12
979-1-10-803708-7,Prophecy of the Sword #493,"A compelling story involving ancient kingdom, dragon, and the search for spells.",402,4.0,2026-04-13
978-1-98-616991-0,The Martian Protocol #528,"A compelling story involving starship, alien, and the search for artificial intelligence.",403,3.0,2026-04-14
979-4-53-738341-6,Heartbeats #602,Everything changes when romance meets affection. A deep dive into heartbreak.,404,5.0,2026-04-15
978-8-10-472369-0,A Second Chance #574,Everything changes when soulmate meets heartbreak. A deep dive into romance.,405,7.0,2026-04-16
978-7-33-564056-2,Buried Alive #770,Unlock the truth about nightmare in this exploration of ghost and supernatural.,406,3.0,2026-04-17
979-8-03-553857-7,The Space Age #478,"A compelling story involving comprehensive guide, discovery, and the search for real-world.",407,6.0,2026-04-18
979-4-62-302925-5,Infinite Void #879,"A compelling story involving quantum, galaxy, and the search for artificial intelligence.",408,2.0,2026-04-19
978-5-89-420272-1,The Victorian Secret #185,"A compelling story involving ancestors, ancient history, and the search for monarchy.",409,10.0,2026-04-20
978-3-78-561933-9,Silicon Dreams #287,Everything changes when technology meets dystopian future. A deep dive into galaxy.,410,5.0,2026-04-21
979-3-14-694570-4,Nebula Rising #607,Everything changes when artificial intelligence meets dystopian future. A deep dive into starship.,411,6.0,2026-04-22
978-3-76-527467-8,Shadow in the Attic #223,Everything changes when mystery meets hidden truth. A deep dive into clue.,412,9.0,2026-04-23
979-4-98-693355-7,Prophecy of the Sword #543,Unlock the truth about magical artifacts in this exploration of sorcerer and legendary.,413,7.0,2026-04-24
978-9-57-391956-6,Summer in Paris #158,"A compelling story involving passion, falling in love, and the search for heartbreak.",414,4.0,2026-04-25
978-7-63-280988-6,Echoes of Rome #949,"A compelling story involving ancestors, tradition, and the search for ancient history.",415,9.0,2026-04-26
978-3-91-514838-7,Deadly Secrets #784,Everything changes when suspect meets mystery. A deep dive into investigation.,416,5.0,2026-04-27
978-0-02-332909-1,No Way Out #757,Unlock the truth about spy in this exploration of suspense and undercover.,417,9.0,2026-04-28
978-6-99-622358-1,Shadow in the Attic #849,"A compelling story involving crime scene, detective, and the search for clue.",418,4.0,2026-04-29
978-6-61-683191-4,The Last Witness #755,Everything changes when detective meets clue. A deep dive into investigation.,419,6.0,2026-04-30
978-1-82-696117-2,The Martian Protocol #898,Unlock the truth about alien in this exploration of technology and starship.,420,10.0,2026-05-01
978-0-94-912926-3,Lost Island #288,"A compelling story involving wildlife, hidden treasure, and the search for exploration.",421,7.0,2026-05-02
978-8-45-416501-1,The Assassin's Mark #731,Everything changes when danger meets betrayal. A deep dive into ticking clock.,422,2.0,2026-05-03
979-3-69-134392-3,Mastering the Mind #425,Everything changes when biography meets analysis. A deep dive into comprehensive guide.,423,9.0,2026-05-04
979-7-80-252509-5,Zero Hour #116,Unlock the truth about high-stakes in this exploration of spy and ticking clock.,424,2.0,2026-05-05
978-1-19-552475-3,Deadly Secrets #303,Unlock the truth about crime scene in this exploration of investigation and hidden truth.,425,2.0,2026-05-06
978-1-09-460868-8,The Last Wizard #855,Everything changes when dragon meets magical artifacts. A deep dive into ancient kingdom.,426,5.0,2026-05-07
978-2-21-334486-8,Mastering the Mind #505,Unlock the truth about analysis in this exploration of comprehensive guide and research.,427,10.0,2026-05-08
979-2-53-324251-3,Chasing Shadows #898,Everything changes when family secrets meets relationships. A deep dive into growth.,428,9.0,2026-05-09
978-4-47-560437-6,Shadow in the Attic #338,Everything changes when crime scene meets investigation. A deep dive into suspect.,429,5.0,2026-05-10
979-7-53-821306-9,Nebula Rising #275,Everything changes when artificial intelligence meets technology. A deep dive into starship.,430,9.0,2026-05-11
978-5-84-766063-5,Wings of Magic #561,Unlock the truth about legendary in this exploration of dragon and magical artifacts.,431,6.0,2026-05-12
978-2-76-408942-9,Heartbeats #303,Everything changes when falling in love meets romance. A deep dive into heartbreak.,432,4.0,2026-05-13
978-4-83-148509-7,Wings of Magic #321,"A compelling story involving legendary, ancient kingdom, and the search for magical artifacts.",433,7.0,2026-05-14
978-9-55-985655-7,Colonial Winds #638,Everything changes when ancient history meets monarchy. A deep dive into revolution.,434,5.0,2026-05-15
978-7-90-255776-3,Kingdom of Dust #639,Everything changes when spells meets sorcerer. A deep dive into quest.,435,1.0,2026-05-16
979-6-08-343508-0,No Way Out #926,Everything changes when high-stakes meets suspense. A deep dive into undercover.,436,1.0,2026-05-17
978-0-19-502149-1,Target Acquired #321,Unlock the truth about undercover in this exploration of danger and ticking clock.,437,6.0,2026-05-18
978-4-02-182124-2,Silicon Dreams #515,"A compelling story involving technology, quantum, and the search for galaxy.",438,7.0,2026-05-19
979-5-26-999175-4,Buried Alive #485,Everything changes when nightmare meets ghost. A deep dive into blood.,439,1.0,2026-05-20
979-7-14-719474-2,Deadly Secrets #175,Unlock the truth about hidden truth in this exploration of suspect and clue.,440,9.0,2026-05-21
979-8-70-652643-8,Into the Wild #408,Everything changes when exploration meets map. A deep dive into wildlife.,441,8.0,2026-05-22
978-7-22-186496-0,Crimson Night #395,"A compelling story involving supernatural, terrifying, and the search for haunted.",442,1.0,2026-05-23
979-9-39-331307-6,Wings of Magic #907,Unlock the truth about spells in this exploration of quest and sorcerer.,443,4.0,2026-05-24
978-2-75-138865-4,Target Acquired #213,Unlock the truth about undercover in this exploration of high-stakes and ticking clock.,444,3.0,2026-05-25
979-9-53-590079-8,The Last Wizard #175,"A compelling story involving ancient kingdom, spells, and the search for dragon.",445,8.0,2026-05-26
979-0-82-070904-6,Nebula Rising #638,Unlock the truth about galaxy in this exploration of quantum and dystopian future.,446,2.0,2026-05-27
978-2-36-669096-7,Kingdom of Dust #774,Unlock the truth about dragon in this exploration of sorcerer and ancient kingdom.,447,10.0,2026-05-28
978-1-57-217810-8,Love's Echo #279,Unlock the truth about passion in this exploration of falling in love and heartbreak.,448,6.0,2026-05-29
979-5-42-619792-0,The Dragon's Eye #767,"A compelling story involving spells, dragon, and the search for magical artifacts.",449,1.0,2026-05-30
978-5-93-382321-7,The Space Age #621,"A compelling story involving facts, biography, and the search for research.",450,6.0,2026-05-31
978-3-71-423250-2,Target Acquired #309,"A compelling story involving spy, high-stakes, and the search for suspense.",451,6.0,2026-06-01
978-7-24-505790-1,Shadow in the Attic #758,Unlock the truth about investigation in this exploration of crime scene and suspect.,452,2.0,2026-06-02
978-9-70-978547-2,Empire's End #208,"A compelling story involving revolution, past, and the search for century.",453,4.0,2026-06-03
978-1-08-465827-9,Mastering the Mind #511,Everything changes when biography meets comprehensive guide. A deep dive into discovery.,454,7.0,2026-06-04
978-2-82-163034-1,Wings of Magic #848,Everything changes when magical artifacts meets spells. A deep dive into quest.,455,7.0,2026-06-05
979-0-88-928166-3,The Dragon's Eye #852,Everything changes when dragon meets sorcerer. A deep dive into quest.,456,2.0,2026-06-06
978-6-02-878015-3,Into the Wild #901,"A compelling story involving hidden treasure, exploration, and the search for wildlife.",457,4.0,2026-06-07
978-6-49-855466-1,Silent Evidence #977,Unlock the truth about detective in this exploration of clue and mystery.,458,10.0,2026-06-08
979-9-97-782118-8,Infinite Void #108,Unlock the truth about starship in this exploration of alien and galaxy.,459,2.0,2026-06-09
979-7-46-883947-0,The Victorian Secret #868,"A compelling story involving tradition, monarchy, and the search for century.",460,7.0,2026-06-10
979-6-23-565275-5,Starbound Odyssey #663,Unlock the truth about starship in this exploration of technology and alien.,461,6.0,2026-06-11
979-2-08-676103-8,Heartbeats #412,"A compelling story involving destiny, soulmate, and the search for falling in love.",462,1.0,2026-06-12
978-3-48-844778-5,Kingdom of Dust #642,"A compelling story involving legendary, magical artifacts, and the search for spells.",463,9.0,2026-06-13
978-0-78-268327-2,The Martian Protocol #956,"A compelling story involving artificial intelligence, starship, and the search for dystopian future.",464,9.0,2026-06-14
979-9-22-559172-3,Heartbeats #794,Unlock the truth about soulmate in this exploration of heartbreak and destiny.,465,4.0,2026-06-15
979-3-54-037970-4,Wings of Magic #137,Unlock the truth about magical artifacts in this exploration of quest and spells.,466,8.0,2026-06-16
979-7-64-107277-1,Deadly Secrets #167,"A compelling story involving clue, investigation, and the search for detective.",467,10.0,2026-06-17
979-3-85-832014-4,Target Acquired #747,Unlock the truth about betrayal in this exploration of undercover and high-stakes.,468,1.0,2026-06-18
979-7-87-124496-4,The Haunted Manor #708,Everything changes when ghost meets monster. A deep dive into supernatural.,469,5.0,2026-06-19
978-7-27-922353-5,The Martian Protocol #864,"A compelling story involving dystopian future, alien, and the search for artificial intelligence.",470,5.0,2026-06-20
978-0-13-333623-2,Crimson Night #701,Unlock the truth about nightmare in this exploration of haunted and terrifying.,471,10.0,2026-06-21
978-2-66-398170-3,Prophecy of the Sword #180,"A compelling story involving ancient kingdom, quest, and the search for sorcerer.",472,4.0,2026-06-22
978-5-04-774006-2,Empire's End #132,Unlock the truth about century in this exploration of revolution and monarchy.,473,6.0,2026-06-23
978-0-17-558844-1,Zero Hour #511,"A compelling story involving betrayal, undercover, and the search for danger.",474,8.0,2026-06-24
979-7-53-493448-6,Summer in Paris #120,Unlock the truth about destiny in this exploration of falling in love and heartbreak.,475,5.0,2026-06-25
978-3-70-068041-8,The Last Witness #894,"A compelling story involving hidden truth, crime scene, and the search for investigation.",476,7.0,2026-06-26
979-4-25-542785-4,Empire's End #797,Unlock the truth about ancient history in this exploration of century and monarchy.,477,4.0,2026-06-27
979-7-29-738501-7,Crimson Night #558,"A compelling story involving blood, monster, and the search for nightmare.",478,7.0,2026-06-28
979-7-42-449822-1,Summer in Paris #574,Everything changes when romance meets soulmate. A deep dive into affection.,479,8.0,2026-06-29
978-4-07-860876-1,The Dragon's Eye #561,Unlock the truth about spells in this exploration of magical artifacts and sorcerer.,480,10.0,2026-06-30
979-4-07-398564-1,Silent Evidence #767,Everything changes when detective meets investigation. A deep dive into crime scene.,481,9.0,2026-07-01
979-5-56-912175-6,Zero Hour #489,"A compelling story involving high-stakes, betrayal, and the search for suspense.",482,8.0,2026-07-02
978-2-64-901962-5,The Last Wizard #317,"A compelling story involving ancient kingdom, spells, and the search for magical artifacts.",483,2.0,2026-07-03
979-4-13-462990-0,Starbound Odyssey #233,Everything changes when galaxy meets technology. A deep dive into quantum.,484,8.0,2026-07-04
979-0-29-854787-0,Summer in Paris #123,"A compelling story involving soulmate, heartbreak, and the search for passion.",485,8.0,2026-07-05
978-0-84-206615-8,The Space Age #330,Everything changes when real-world meets research. A deep dive into facts.,486,3.0,2026-07-06
978-0-40-748765-8,The Martian Protocol #149,"A compelling story involving quantum, dystopian future, and the search for starship.",487,3.0,2026-07-07
978-6-47-011206-9,Target Acquired #268,Unlock the truth about danger in this exploration of betrayal and suspense.,488,9.0,2026-07-08
978-0-39-133585-9,Zero Hour #913,Unlock the truth about danger in this exploration of suspense and undercover.,489,6.0,2026-07-09
979-2-50-137770-7,The Last Witness #869,Unlock the truth about hidden truth in this exploration of suspect and crime scene.,490,9.0,2026-07-10
978-8-71-724707-6,The Long Goodbye #958,Everything changes when family secrets meets struggle. A deep dive into life.,491,6.0,2026-07-11
978-4-32-685897-9,The Last Wizard #147,Unlock the truth about sorcerer in this exploration of ancient kingdom and legendary.,492,5.0,2026-07-12
979-1-18-172949-9,War of Roses #955,Everything changes when revolution meets ancestors. A deep dive into ancient history.,493,4.0,2026-07-13
978-9-30-650870-2,The Haunted Manor #974,Everything changes when nightmare meets haunted. A deep dive into ghost.,494,10.0,2026-07-14
978-9-85-249743-0,Crimson Night #433,Everything changes when blood meets nightmare. A deep dive into ghost.,495,7.0,2026-07-15
979-1-97-325964-8,The Space Age #411,Unlock the truth about research in this exploration of facts and real-world.,496,8.0,2026-07-16
978-2-83-467054-4,Zero Hour #108,"A compelling story involving betrayal, undercover, and the search for danger.",497,3.0,2026-07-17
979-1-77-617558-6,Family Ties #223,Everything changes when struggle meets life. A deep dive into family secrets.,498,9.0,2026-07-18
978-0-48-187997-1,The Space Age #749,Unlock the truth about facts in this exploration of research and comprehensive guide.,499,1.0,2026-07-19
979-5-76-877767-2,Buried Alive #156,Everything changes when blood meets nightmare. A deep dive into monster.,500,1.0,2026-07-20
978-4-70-528544-0,Whispers in the Dark #982,Everything changes when monster meets blood. A deep dive into ghost.,501,4.0,2026-07-21
978-8-22-211551-9,Treasure of the Maya #978,"A compelling story involving survival, hidden treasure, and the search for exploration.",502,5.0,2026-07-22
979-7-41-726025-1,Starbound Odyssey #568,Unlock the truth about starship in this exploration of galaxy and dystopian future.,503,1.0,2026-07-23
979-1-70-586781-0,Quiet Storms #304,Unlock the truth about life in this exploration of growth and tragedy.,504,7.0,2026-07-24
978-0-88-165471-7,The Long Goodbye #865,Unlock the truth about tragedy in this exploration of growth and relationships.,505,9.0,2026-07-25
979-1-11-808565-1,The Last Witness #633,Unlock the truth about crime scene in this exploration of clue and suspect.,506,6.0,2026-07-26
979-2-28-214140-1,Silicon Dreams #145,Everything changes when alien meets technology. A deep dive into galaxy.,507,8.0,2026-07-27
978-1-07-497415-5,Nebula Rising #767,Unlock the truth about galaxy in this exploration of starship and alien.,508,5.0,2026-07-28
978-6-80-904068-3,Silent Evidence #693,Unlock the truth about crime scene in this exploration of hidden truth and mystery.,509,2.0,2026-07-29
978-2-60-697907-8,Echoes of Rome #733,"A compelling story involving ancestors, century, and the search for revolution.",510,10.0,2026-07-30
978-9-23-922586-9,Empire's End #893,Everything changes when ancient history meets ancestors. A deep dive into century.,511,2.0,2026-07-31
979-1-78-909066-7,Kingdom of Dust #695,"A compelling story involving sorcerer, legendary, and the search for quest.",512,10.0,2026-08-01
978-9-28-590113-7,Wings of Magic #984,Unlock the truth about sorcerer in this exploration of magical artifacts and dragon.,513,10.0,2026-08-02
979-6-54-800085-8,Infinite Void #854,Unlock the truth about quantum in this exploration of artificial intelligence and technology.,514,3.0,2026-08-03
978-2-94-200349-4,Empire's End #127,Unlock the truth about ancient history in this exploration of century and revolution.,515,3.0,2026-08-04
978-1-51-890213-1,A Second Chance #399,"A compelling story involving destiny, falling in love, and the search for soulmate.",516,1.0,2026-08-05
979-7-54-176592-2,Nebula Rising #533,Unlock the truth about artificial intelligence in this exploration of galaxy and starship.,517,5.0,2026-08-06
979-2-80-134573-7,Treasure of the Maya #891,Unlock the truth about journey in this exploration of expedition and exploration.,518,9.0,2026-08-07
978-4-93-878787-5,The Shadow Guest #937,Everything changes when terrifying meets ghost. A deep dive into haunted.,519,3.0,2026-08-08
978-0-19-980104-9,War of Roses #643,Unlock the truth about century in this exploration of ancient history and tradition.,520,1.0,2026-08-09
978-7-19-055469-9,Broken Protocol #801,"A compelling story involving betrayal, spy, and the search for ticking clock.",521,10.0,2026-08-10
979-3-73-713958-6,The Haunted Manor #880,"A compelling story involving supernatural, haunted, and the search for monster.",522,9.0,2026-08-11
978-0-11-585332-5,War of Roses #770,"A compelling story involving past, tradition, and the search for century.",523,6.0,2026-08-12
978-6-18-808854-9,The Great Expedition #616,Unlock the truth about journey in this exploration of exploration and map.,524,7.0,2026-08-13
979-2-44-375945-5,Love's Echo #765,"A compelling story involving affection, soulmate, and the search for romance.",525,4.0,2026-08-14
978-4-98-485355-2,Echoes of Rome #979,Everything changes when century meets ancestors. A deep dive into revolution.,526,8.0,2026-08-15
979-1-50-262568-4,Target Acquired #178,"A compelling story involving danger, high-stakes, and the search for suspense.",527,5.0,2026-08-16
978-9-12-476911-8,Wings of Magic #312,"A compelling story involving quest, ancient kingdom, and the search for sorcerer.",528,2.0,2026-08-17
978-7-16-185403-3,The Martian Protocol #144,Everything changes when alien meets galaxy. A deep dive into quantum.,529,6.0,2026-08-18
979-7-57-018438-1,Crimson Night #419,Unlock the truth about terrifying in this exploration of haunted and nightmare.,530,5.0,2026-08-19
978-8-01-725779-0,The Last Wizard #660,Everything changes when dragon meets sorcerer. A deep dive into spells.,531,2.0,2026-08-20
979-7-46-384952-1,Zero Hour #844,Unlock the truth about ticking clock in this exploration of danger and undercover.,532,8.0,2026-08-21
978-8-17-075866-1,Infinite Void #124,"A compelling story involving artificial intelligence, galaxy, and the search for alien.",533,5.0,2026-08-22
978-7-71-018616-4,Silent Evidence #701,"A compelling story involving suspect, hidden truth, and the search for detective.",534,4.0,2026-08-23
978-5-74-176701-4,A Second Chance #279,"A compelling story involving heartbreak, falling in love, and the search for romance.",535,8.0,2026-08-24
979-2-31-339913-8,Infinite Void #396,Unlock the truth about starship in this exploration of galaxy and quantum.,536,1.0,2026-08-25
979-8-21-715707-0,Buried Alive #947,Unlock the truth about nightmare in this exploration of terrifying and monster.,537,4.0,2026-08-26
979-4-88-135613-4,The Space Age #234,"A compelling story involving biography, research, and the search for facts.",538,9.0,2026-08-27
979-5-60-539502-4,No Way Out #788,Everything changes when suspense meets betrayal. A deep dive into high-stakes.,539,10.0,2026-08-28
979-5-97-004321-8,Summer in Paris #271,Unlock the truth about affection in this exploration of romance and heartbreak.,540,6.0,2026-08-29
979-5-24-872742-7,Prophecy of the Sword #686,Everything changes when legendary meets spells. A deep dive into magical artifacts.,541,6.0,2026-08-30
979-8-83-445965-6,Kingdom of Dust #909,Everything changes when magical artifacts meets dragon. A deep dive into ancient kingdom.,542,6.0,2026-08-31
978-9-00-175493-7,Deadly Secrets #134,"A compelling story involving crime scene, suspect, and the search for investigation.",543,6.0,2026-09-01
978-2-45-650925-8,Echoes of Rome #527,Unlock the truth about past in this exploration of ancient history and revolution.,544,6.0,2026-09-02
979-0-63-561423-7,Nebula Rising #179,Everything changes when starship meets artificial intelligence. A deep dive into quantum.,545,4.0,2026-09-03
979-2-42-757543-6,Silicon Dreams #658,"A compelling story involving artificial intelligence, starship, and the search for galaxy.",546,8.0,2026-09-04
978-6-32-960613-3,Zero Hour #276,Everything changes when ticking clock meets undercover. A deep dive into suspense.,547,6.0,2026-09-05
979-3-95-383125-4,Kingdom of Dust #973,Unlock the truth about spells in this exploration of magical artifacts and ancient kingdom.,548,2.0,2026-09-06
978-3-98-522371-2,The Last Witness #342,"A compelling story involving mystery, investigation, and the search for clue.",549,9.0,2026-09-07
979-4-05-300424-6,Starlight Promises #830,"A compelling story involving heartbreak, passion, and the search for soulmate.",550,10.0,2026-09-08
978-2-82-837273-7,Infinite Void #705,Unlock the truth about dystopian future in this exploration of galaxy and alien.,551,7.0,2026-09-09
979-4-79-904050-0,The Last Wizard #635,Unlock the truth about quest in this exploration of spells and ancient kingdom.,552,6.0,2026-09-10
978-3-04-528926-5,Broken Glass #921,"A compelling story involving growth, struggle, and the search for tragedy.",553,4.0,2026-09-11
979-0-87-096306-5,Wings of Magic #515,Unlock the truth about magical artifacts in this exploration of sorcerer and ancient kingdom.,554,4.0,2026-09-12
978-4-90-781591-2,Wings of Magic #485,"A compelling story involving legendary, spells, and the search for sorcerer.",555,7.0,2026-09-13
978-7-28-490661-6,A Second Chance #897,Everything changes when heartbreak meets falling in love. A deep dive into destiny.,556,2.0,2026-09-14
979-8-98-590768-8,Zero Hour #464,"A compelling story involving spy, betrayal, and the search for ticking clock.",557,9.0,2026-09-15
979-3-97-159188-1,Crimson Night #223,Unlock the truth about blood in this exploration of terrifying and supernatural.,558,10.0,2026-09-16
979-1-23-737389-8,The Midnight Clue #618,Unlock the truth about detective in this exploration of suspect and clue.,559,10.0,2026-09-17
978-1-58-130595-1,Nebula Rising #474,Unlock the truth about artificial intelligence in this exploration of quantum and galaxy.,560,6.0,2026-09-18
979-3-53-223045-9,The Martian Protocol #475,Everything changes when starship meets galaxy. A deep dive into dystopian future.,561,3.0,2026-09-19
978-4-49-101820-4,Wings of Magic #320,Everything changes when sorcerer meets magical artifacts. A deep dive into ancient kingdom.,562,10.0,2026-09-20
979-1-81-825445-3,The Dragon's Eye #435,Unlock the truth about ancient kingdom in this exploration of quest and magical artifacts.,563,7.0,2026-09-21
979-1-62-323611-1,Empire's End #689,Unlock the truth about ancient history in this exploration of century and past.,564,7.0,2026-09-22
979-5-31-658164-0,Nebula Rising #523,Everything changes when starship meets quantum. A deep dive into dystopian future.,565,10.0,2026-09-23
978-5-20-637817-6,The Great Expedition #983,Unlock the truth about hidden treasure in this exploration of survival and wildlife.,566,7.0,2026-09-24
979-3-09-208534-5,Summit #152,Everything changes when survival meets wildlife. A deep dive into expedition.,567,7.0,2026-09-25
978-8-48-250604-1,Nebula Rising #906,Everything changes when technology meets alien. A deep dive into dystopian future.,568,4.0,2026-09-26
978-4-25-024739-0,Wings of Magic #230,"A compelling story involving sorcerer, ancient kingdom, and the search for magical artifacts.",569,7.0,2026-09-27
979-2-51-143608-7,A Second Chance #458,"A compelling story involving destiny, soulmate, and the search for romance.",570,2.0,2026-09-28
979-8-31-227230-1,Starlight Promises #268,Unlock the truth about soulmate in this exploration of falling in love and affection.,571,2.0,2026-09-29
979-1-99-177298-1,Deadly Secrets #818,Everything changes when mystery meets suspect. A deep dive into investigation.,572,4.0,2026-09-30
979-1-86-902899-9,The Dragon's Eye #214,"A compelling story involving spells, quest, and the search for ancient kingdom.",573,2.0,2026-10-01
979-4-29-878138-1,Summer in Paris #441,Everything changes when romance meets heartbreak. A deep dive into destiny.,574,1.0,2026-10-02
978-9-47-083601-2,Echoes of Rome #366,Unlock the truth about ancient history in this exploration of revolution and tradition.,575,3.0,2026-10-03
978-7-09-429173-2,Quiet Storms #992,Everything changes when growth meets struggle. A deep dive into relationships.,576,1.0,2026-10-04
978-8-07-273595-5,The Assassin's Mark #829,Unlock the truth about suspense in this exploration of betrayal and undercover.,577,10.0,2026-10-05
978-9-64-956837-2,Deadly Secrets #970,"A compelling story involving detective, investigation, and the search for hidden truth.",578,10.0,2026-10-06
979-2-94-303214-4,Lost Island #602,"A compelling story involving journey, exploration, and the search for map.",579,9.0,2026-10-07
978-6-90-974898-0,The Last Wizard #273,Unlock the truth about dragon in this exploration of magical artifacts and legendary.,580,8.0,2026-10-08
978-0-62-559645-2,The Last Wizard #120,Unlock the truth about quest in this exploration of dragon and legendary.,581,4.0,2026-10-09
978-8-95-280294-3,Chasing Shadows #792,Everything changes when struggle meets tragedy. A deep dive into relationships.,582,4.0,2026-10-10
979-6-38-549578-2,Deadly Secrets #808,"A compelling story involving investigation, suspect, and the search for crime scene.",583,8.0,2026-10-11
979-8-57-972742-1,A Second Chance #925,Everything changes when affection meets passion. A deep dive into destiny.,584,6.0,2026-10-12
978-4-13-604126-5,Target Acquired #796,"A compelling story involving undercover, betrayal, and the search for ticking clock.",585,3.0,2026-10-13
978-6-02-914569-5,Shadow in the Attic #659,"A compelling story involving mystery, detective, and the search for investigation.",586,2.0,2026-10-14
978-5-46-903834-8,The Shadow Guest #954,"A compelling story involving nightmare, supernatural, and the search for blood.",587,9.0,2026-10-15
979-5-49-258560-9,Starlight Promises #329,Unlock the truth about affection in this exploration of romance and heartbreak.,588,4.0,2026-10-16
978-4-76-084237-0,No Way Out #859,Unlock the truth about high-stakes in this exploration of suspense and undercover.,589,6.0,2026-10-17
979-7-49-076869-7,Silent Evidence #953,Everything changes when mystery meets hidden truth. A deep dive into suspect.,590,2.0,2026-10-18
979-8-90-986942-5,Target Acquired #717,Everything changes when danger meets suspense. A deep dive into betrayal.,591,2.0,2026-10-19
979-4-16-147073-2,Starbound Odyssey #179,Unlock the truth about starship in this exploration of alien and galaxy.,592,6.0,2026-10-20
978-4-46-611581-1,Echoes of Rome #465,Unlock the truth about century in this exploration of ancestors and ancient history.,593,2.0,2026-10-21
979-5-00-144546-7,The Assassin's Mark #227,Everything changes when ticking clock meets suspense. A deep dive into danger.,594,2.0,2026-10-22
978-3-60-334653-8,Silent Evidence #948,Everything changes when investigation meets hidden truth. A deep dive into detective.,595,7.0,2026-10-23
978-7-89-907156-4,The Dragon's Eye #748,"A compelling story involving dragon, magical artifacts, and the search for ancient kingdom.",596,7.0,2026-10-24
979-3-71-993408-3,Nebula Rising #571,Unlock the truth about quantum in this exploration of artificial intelligence and dystopian future.,597,10.0,2026-10-25
979-5-42-076782-0,The Midnight Clue #486,"A compelling story involving crime scene, investigation, and the search for clue.",598,7.0,2026-10-26
979-7-63-079366-5,Buried Alive #964,Everything changes when blood meets haunted. A deep dive into monster.,599,9.0,2026-10-27
979-9-98-703326-7,Prophecy of the Sword #168,Unlock the truth about sorcerer in this exploration of legendary and ancient kingdom.,600,2.0,2026-10-28
978-4-64-980291-7,The Dragon's Eye #481,Everything changes when legendary meets sorcerer. A deep dive into dragon.,601,4.0,2026-10-29
979-2-40-026645-2,Target Acquired #720,Unlock the truth about ticking clock in this exploration of high-stakes and suspense.,602,6.0,2026-10-30
979-8-74-452398-3,Silicon Dreams #552,Everything changes when alien meets artificial intelligence. A deep dive into quantum.,603,6.0,2026-10-31
979-7-08-251050-8,The Last Wizard #603,Everything changes when dragon meets sorcerer. A deep dive into ancient kingdom.,604,8.0,2026-11-01
979-8-28-739237-9,The Last Wizard #337,Everything changes when ancient kingdom meets sorcerer. A deep dive into magical artifacts.,605,10.0,2026-11-02
979-2-73-417704-3,Into the Wild #451,"A compelling story involving survival, exploration, and the search for expedition.",606,10.0,2026-11-03
978-3-15-753329-2,Heartbeats #654,"A compelling story involving passion, heartbreak, and the search for affection.",607,9.0,2026-11-04
978-6-63-443128-2,The Space Age #923,Unlock the truth about facts in this exploration of real-world and research.,608,8.0,2026-11-05
979-0-98-064135-5,Love's Echo #860,"A compelling story involving romance, destiny, and the search for heartbreak.",609,4.0,2026-11-06
978-1-15-507302-7,Echoes of Rome #236,Everything changes when monarchy meets century. A deep dive into ancient history.,610,5.0,2026-11-07
978-3-59-302406-1,Kingdom of Dust #498,"A compelling story involving legendary, magical artifacts, and the search for sorcerer.",611,3.0,2026-11-08
979-9-59-724516-6,The Assassin's Mark #948,Everything changes when danger meets high-stakes. A deep dive into betrayal.,612,3.0,2026-11-09
979-7-83-632237-9,Whispers in the Dark #763,"A compelling story involving supernatural, ghost, and the search for monster.",613,6.0,2026-11-10
979-7-64-142114-6,The Shadow Guest #694,"A compelling story involving terrifying, ghost, and the search for blood.",614,6.0,2026-11-11
979-7-43-520056-3,Mastering the Mind #998,"A compelling story involving real-world, analysis, and the search for comprehensive guide.",615,2.0,2026-11-12
979-0-14-855336-2,Broken Protocol #318,"A compelling story involving spy, ticking clock, and the search for betrayal.",616,5.0,2026-11-13
979-0-17-020236-4,The Space Age #174,"A compelling story involving analysis, discovery, and the search for real-world.",617,7.0,2026-11-14
978-5-55-684282-7,The Shadow Guest #661,"A compelling story involving blood, supernatural, and the search for monster.",618,8.0,2026-11-15
979-1-71-734331-8,Chasing Shadows #339,"A compelling story involving life, emotion, and the search for family secrets.",619,8.0,2026-11-16
978-4-79-499640-0,Wings of Magic #801,"A compelling story involving sorcerer, dragon, and the search for spells.",620,6.0,2026-11-17
979-6-74-609367-9,Buried Alive #472,Everything changes when monster meets nightmare. A deep dive into supernatural.,621,5.0,2026-11-18
978-4-24-940996-4,Shadow in the Attic #543,"A compelling story involving clue, mystery, and the search for crime scene.",622,10.0,2026-11-19
978-2-31-230950-3,No Way Out #841,Unlock the truth about spy in this exploration of betrayal and suspense.,623,4.0,2026-11-20
979-6-96-880997-3,Heartbeats #107,Everything changes when heartbreak meets romance. A deep dive into falling in love.,624,9.0,2026-11-21
978-4-08-423290-2,Starbound Odyssey #381,"A compelling story involving starship, galaxy, and the search for quantum.",625,4.0,2026-11-22
979-8-75-837093-9,The Assassin's Mark #929,Everything changes when spy meets danger. A deep dive into betrayal.,626,10.0,2026-11-23
979-7-55-393568-2,The Dragon's Eye #145,"A compelling story involving spells, magical artifacts, and the search for ancient kingdom.",627,6.0,2026-11-24
979-5-36-546733-9,Target Acquired #643,Everything changes when spy meets danger. A deep dive into undercover.,628,1.0,2026-11-25
978-5-02-776492-1,Silicon Dreams #691,Unlock the truth about dystopian future in this exploration of alien and starship.,629,6.0,2026-11-26
978-5-37-353055-7,Prophecy of the Sword #619,Everything changes when quest meets sorcerer. A deep dive into dragon.,630,4.0,2026-11-27
979-4-88-865072-0,Empire's End #560,"A compelling story involving past, tradition, and the search for century.",631,5.0,2026-11-28
978-6-79-783965-5,Starbound Odyssey #489,Unlock the truth about artificial intelligence in this exploration of dystopian future and technology.,632,9.0,2026-11-29
978-3-38-486133-6,Prophecy of the Sword #881,Everything changes when sorcerer meets legendary. A deep dive into quest.,633,2.0,2026-11-30
979-0-80-235713-2,The Last Wizard #513,"A compelling story involving quest, sorcerer, and the search for magical artifacts.",634,4.0,2026-12-01
978-1-90-652481-8,The Space Age #280,"A compelling story involving biography, real-world, and the search for analysis.",635,7.0,2026-12-02
978-3-67-949669-1,Summit #309,Everything changes when exploration meets survival. A deep dive into expedition.,636,1.0,2026-12-03
978-2-90-676760-8,The Haunted Manor #976,"A compelling story involving blood, terrifying, and the search for haunted.",637,9.0,2026-12-04
979-9-58-917491-1,Ancient Civilizations #534,"A compelling story involving research, discovery, and the search for biography.",638,5.0,2026-12-05
978-9-25-156315-9,Whispers in the Dark #701,Everything changes when terrifying meets nightmare. A deep dive into monster.,639,9.0,2026-12-06
979-0-81-897238-8,War of Roses #739,"A compelling story involving ancient history, monarchy, and the search for tradition.",640,2.0,2026-12-07
979-7-56-030579-0,Treasure of the Maya #898,"A compelling story involving map, wildlife, and the search for journey.",641,4.0,2026-12-08
978-3-94-729543-5,The Last Witness #839,"A compelling story involving mystery, hidden truth, and the search for investigation.",642,7.0,2026-12-09
978-5-18-024946-0,The Last Wizard #657,Unlock the truth about spells in this exploration of legendary and ancient kingdom.,643,9.0,2026-12-10
978-0-68-759435-6,Heartbeats #243,"A compelling story involving destiny, passion, and the search for soulmate.",644,1.0,2026-12-11
978-8-92-368252-3,Infinite Void #923,Unlock the truth about alien in this exploration of artificial intelligence and quantum.,645,10.0,2026-12-12
979-6-46-335394-7,Silicon Dreams #442,"A compelling story involving quantum, artificial intelligence, and the search for galaxy.",646,1.0,2026-12-13
979-7-86-453020-0,The Haunted Manor #220,Everything changes when terrifying meets nightmare. A deep dive into blood.,647,6.0,2026-12-14
979-5-46-598694-7,Deadly Secrets #612,Unlock the truth about mystery in this exploration of suspect and crime scene.,648,10.0,2026-12-15
979-4-18-370962-2,The Dragon's Eye #530,Everything changes when dragon meets quest. A deep dive into sorcerer.,649,6.0,2026-12-16
979-8-50-003273-7,Starlight Promises #660,Unlock the truth about soulmate in this exploration of destiny and heartbreak.,650,7.0,2026-12-17
979-4-88-478031-4,The Last Wizard #346,"A compelling story involving magical artifacts, sorcerer, and the search for ancient kingdom.",651,2.0,2026-12-18
979-7-18-417435-9,No Way Out #538,Unlock the truth about ticking clock in this exploration of undercover and high-stakes.,652,1.0,2026-12-19
978-8-75-886238-4,Deadly Secrets #545,Unlock the truth about mystery in this exploration of crime scene and hidden truth.,653,6.0,2026-12-20
979-0-98-816917-8,Prophecy of the Sword #708,Unlock the truth about ancient kingdom in this exploration of spells and sorcerer.,654,10.0,2026-12-21
979-4-85-624735-7,The Dragon's Eye #149,Everything changes when quest meets sorcerer. A deep dive into ancient kingdom.,655,2.0,2026-12-22
978-1-63-073462-1,Heartbeats #735,"A compelling story involving falling in love, destiny, and the search for heartbreak.",656,7.0,2026-12-23
979-8-90-488814-8,Colonial Winds #485,Unlock the truth about tradition in this exploration of century and monarchy.,657,4.0,2026-12-24
978-0-76-343775-0,The Midnight Clue #996,"A compelling story involving clue, mystery, and the search for detective.",658,7.0,2026-12-25
979-9-86-773374-0,Silicon Dreams #281,Everything changes when galaxy meets technology. A deep dive into alien.,659,10.0,2026-12-26
978-6-68-200394-2,Target Acquired #577,"A compelling story involving spy, undercover, and the search for danger.",660,5.0,2026-12-27
978-7-82-843916-7,The Midnight Clue #750,"A compelling story involving suspect, hidden truth, and the search for crime scene.",661,9.0,2026-12-28
978-5-82-337483-9,Deadly Secrets #184,Everything changes when clue meets hidden truth. A deep dive into crime scene.,662,1.0,2026-12-29
978-7-66-229026-7,Summer in Paris #359,Everything changes when romance meets falling in love. A deep dive into heartbreak.,663,5.0,2026-12-30
978-5-82-791133-1,Prophecy of the Sword #466,Unlock the truth about legendary in this exploration of spells and magical artifacts.,664,8.0,2026-12-31
978-2-43-518933-4,Shadow in the Attic #979,Unlock the truth about detective in this exploration of crime scene and investigation.,665,8.0,2027-01-01
978-3-53-075343-3,Summer in Paris #100,"A compelling story involving falling in love, affection, and the search for destiny.",666,4.0,2027-01-02
979-1-62-136011-3,War of Roses #246,"A compelling story involving ancestors, monarchy, and the search for century.",667,1.0,2027-01-03
979-1-06-698349-1,Buried Alive #157,Unlock the truth about blood in this exploration of monster and haunted.,668,10.0,2027-01-04
978-5-76-745724-3,Wings of Magic #123,Everything changes when quest meets spells. A deep dive into ancient kingdom.,669,2.0,2027-01-05
978-9-51-482808-9,Wings of Magic #664,Everything changes when legendary meets dragon. A deep dive into magical artifacts.,670,10.0,2027-01-06
978-1-65-179544-7,Mastering the Mind #396,Unlock the truth about comprehensive guide in this exploration of research and analysis.,671,1.0,2027-01-07
979-0-74-988694-0,Love's Echo #519,Unlock the truth about destiny in this exploration of passion and falling in love.,672,4.0,2027-01-08
978-6-93-583903-7,The Dragon's Eye #686,"A compelling story involving ancient kingdom, dragon, and the search for quest.",673,5.0,2027-01-09
979-9-94-510943-7,The Last Wizard #271,"A compelling story involving magical artifacts, sorcerer, and the search for ancient kingdom.",674,10.0,2027-01-10
979-9-49-370186-9,Love's Echo #433,"A compelling story involving heartbreak, falling in love, and the search for romance.",675,7.0,2027-01-11
978-0-64-625473-4,No Way Out #267,Everything changes when betrayal meets undercover. A deep dive into spy.,676,1.0,2027-01-12
978-1-53-548882-4,Lost Island #461,Unlock the truth about journey in this exploration of exploration and expedition.,677,3.0,2027-01-13
979-4-51-436795-7,Silicon Dreams #518,Everything changes when technology meets quantum. A deep dive into galaxy.,678,9.0,2027-01-14
979-8-16-660015-5,Wings of Magic #538,Everything changes when magical artifacts meets legendary. A deep dive into spells.,679,7.0,2027-01-15
979-6-25-553818-1,The Long Goodbye #332,"A compelling story involving emotion, tragedy, and the search for relationships.",680,4.0,2027-01-16
979-1-36-839685-4,The Science of Habits #495,Unlock the truth about facts in this exploration of research and comprehensive guide.,681,1.0,2027-01-17
978-9-91-571427-8,No Way Out #318,"A compelling story involving suspense, high-stakes, and the search for ticking clock.",682,7.0,2027-01-18
979-4-50-402975-7,Wings of Magic #726,"A compelling story involving sorcerer, magical artifacts, and the search for legendary.",683,6.0,2027-01-19
978-1-44-923827-5,Love's Echo #568,Everything changes when destiny meets affection. A deep dive into soulmate.,684,10.0,2027-01-20
979-0-92-002846-1,The Space Age #842,Unlock the truth about discovery in this exploration of real-world and analysis.,685,5.0,2027-01-21
978-8-79-697296-5,Broken Protocol #249,"A compelling story involving high-stakes, danger, and the search for ticking clock.",686,7.0,2027-01-22
978-5-89-073789-2,The Shadow Guest #798,Unlock the truth about haunted in this exploration of supernatural and terrifying.,687,4.0,2027-01-23
978-1-12-038230-4,The Last Wizard #804,Everything changes when quest meets dragon. A deep dive into sorcerer.,688,10.0,2027-01-24
979-4-58-925665-8,The Science of Habits #742,Everything changes when comprehensive guide meets analysis. A deep dive into real-world.,689,7.0,2027-01-25
979-3-97-859728-4,No Way Out #585,Everything changes when ticking clock meets betrayal. A deep dive into undercover.,690,8.0,2027-01-26
979-3-35-396402-5,Buried Alive #602,"A compelling story involving haunted, monster, and the search for terrifying.",691,10.0,2027-01-27
979-8-76-945538-7,Silent Evidence #192,Unlock the truth about investigation in this exploration of detective and hidden truth.,692,1.0,2027-01-28
978-8-43-881728-7,The Science of Habits #885,Unlock the truth about real-world in this exploration of comprehensive guide and discovery.,693,3.0,2027-01-29
978-5-39-428598-1,Nebula Rising #137,"A compelling story involving quantum, alien, and the search for dystopian future.",694,2.0,2027-01-30
979-1-74-719112-4,Kingdom of Dust #966,Unlock the truth about magical artifacts in this exploration of quest and ancient kingdom.,695,4.0,2027-01-31
978-5-03-371969-2,Broken Protocol #605,Everything changes when high-stakes meets danger. A deep dive into ticking clock.,696,10.0,2027-02-01
979-3-88-464139-0,The Haunted Manor #761,Unlock the truth about terrifying in this exploration of supernatural and nightmare.,697,6.0,2027-02-02
979-9-19-664602-2,Nebula Rising #925,Everything changes when quantum meets galaxy. A deep dive into artificial intelligence.,698,9.0,2027-02-03
979-9-68-017248-7,Broken Protocol #192,"A compelling story involving undercover, betrayal, and the search for danger.",699,2.0,2027-02-04
979-7-93-515868-1,The Martian Protocol #432,Unlock the truth about technology in this exploration of alien and starship.,700,10.0,2027-02-05
979-2-11-114345-2,Deadly Secrets #195,Unlock the truth about clue in this exploration of crime scene and hidden truth.,701,5.0,2027-02-06
978-8-20-236011-6,Prophecy of the Sword #957,"A compelling story involving spells, dragon, and the search for magical artifacts.",702,8.0,2027-02-07
978-7-54-820980-2,No Way Out #504,Everything changes when danger meets ticking clock. A deep dive into undercover.,703,4.0,2027-02-08
978-9-53-829967-6,Zero Hour #370,Unlock the truth about suspense in this exploration of danger and betrayal.,704,10.0,2027-02-09
979-2-78-590082-3,The Dragon's Eye #225,"A compelling story involving ancient kingdom, sorcerer, and the search for legendary.",705,6.0,2027-02-10
978-1-56-297804-1,Silent Evidence #689,"A compelling story involving clue, crime scene, and the search for suspect.",706,1.0,2027-02-11
978-6-86-987221-5,Wings of Magic #208,"A compelling story involving dragon, spells, and the search for magical artifacts.",707,5.0,2027-02-12
978-3-05-275954-3,The Victorian Secret #349,"A compelling story involving revolution, century, and the search for ancestors.",708,10.0,2027-02-13
979-7-87-525293-8,Starlight Promises #807,Everything changes when destiny meets romance. A deep dive into passion.,709,5.0,2027-02-14
979-5-82-716016-4,Kingdom of Dust #143,Unlock the truth about sorcerer in this exploration of ancient kingdom and magical artifacts.,710,9.0,2027-02-15
979-9-28-111198-2,Lost Island #976,Everything changes when map meets survival. A deep dive into wildlife.,711,5.0,2027-02-16
978-0-38-426516-8,History of Art #460,"A compelling story involving research, analysis, and the search for real-world.",712,9.0,2027-02-17
978-4-81-279773-3,Silicon Dreams #241,"A compelling story involving artificial intelligence, galaxy, and the search for dystopian future.",713,5.0,2027-02-18
979-6-22-157297-3,The Midnight Clue #249,Unlock the truth about detective in this exploration of clue and suspect.,714,8.0,2027-02-19
979-4-70-059847-3,Prophecy of the Sword #502,"A compelling story involving spells, quest, and the search for magical artifacts.",715,6.0,2027-02-20
979-3-45-757179-9,The Science of Habits #134,"A compelling story involving analysis, discovery, and the search for real-world.",716,3.0,2027-02-21
978-4-12-042935-7,A Second Chance #104,Everything changes when passion meets soulmate. A deep dive into destiny.,717,3.0,2027-02-22
978-2-19-763681-7,Deadly Secrets #227,Everything changes when detective meets clue. A deep dive into investigation.,718,10.0,2027-02-23
979-7-27-355305-9,Starbound Odyssey #572,Everything changes when quantum meets galaxy. A deep dive into alien.,719,10.0,2027-02-24
978-6-37-584285-5,Into the Wild #398,Everything changes when exploration meets survival. A deep dive into journey.,720,5.0,2027-02-25
978-7-50-604541-1,The Last Witness #364,"A compelling story involving detective, hidden truth, and the search for clue.",721,6.0,2027-02-26
979-3-58-694326-1,A Second Chance #259,"A compelling story involving heartbreak, soulmate, and the search for passion.",722,7.0,2027-02-27
979-8-84-194329-5,The Dragon's Eye #923,"A compelling story involving legendary, spells, and the search for dragon.",723,4.0,2027-02-28
978-3-53-307251-2,The Last Wizard #671,Unlock the truth about dragon in this exploration of magical artifacts and legendary.,724,7.0,2027-03-01
978-6-87-437013-7,Starbound Odyssey #693,Unlock the truth about quantum in this exploration of dystopian future and galaxy.,725,8.0,2027-03-02
979-0-31-882322-2,Silent Evidence #328,Unlock the truth about crime scene in this exploration of suspect and clue.,726,7.0,2027-03-03
978-3-96-436481-0,The Assassin's Mark #981,"A compelling story involving spy, ticking clock, and the search for undercover.",727,4.0,2027-03-04
979-2-73-345629-3,Wings of Magic #941,Unlock the truth about quest in this exploration of ancient kingdom and spells.,728,4.0,2027-03-05
978-7-11-358844-4,Into the Wild #970,Everything changes when survival meets expedition. A deep dive into hidden treasure.,729,9.0,2027-03-06
978-7-98-756507-5,Crimson Night #570,Unlock the truth about blood in this exploration of ghost and nightmare.,730,5.0,2027-03-07
979-2-80-935272-5,Love's Echo #837,Unlock the truth about destiny in this exploration of romance and heartbreak.,731,10.0,2027-03-08
979-0-98-824223-4,Kingdom of Dust #875,Unlock the truth about quest in this exploration of legendary and spells.,732,3.0,2027-03-09
978-2-34-378494-6,Silent Evidence #630,"A compelling story involving clue, investigation, and the search for mystery.",733,2.0,2027-03-10
978-5-07-012569-8,Lost Island #552,Unlock the truth about survival in this exploration of exploration and map.,734,5.0,2027-03-11
978-0-92-639995-1,Chasing Shadows #395,Unlock the truth about emotion in this exploration of family secrets and struggle.,735,3.0,2027-03-12
978-8-55-642012-7,Starlight Promises #416,Unlock the truth about falling in love in this exploration of heartbreak and romance.,736,9.0,2027-03-13
979-7-31-995429-2,Summer in Paris #789,"A compelling story involving falling in love, destiny, and the search for soulmate.",737,10.0,2027-03-14
978-8-30-841700-2,The Last Wizard #173,Unlock the truth about dragon in this exploration of sorcerer and ancient kingdom.,738,1.0,2027-03-15
978-2-87-637750-6,The Last Witness #644,Everything changes when mystery meets clue. A deep dive into suspect.,739,4.0,2027-03-16
979-4-04-024924-1,The Shadow Guest #272,Unlock the truth about supernatural in this exploration of blood and monster.,740,9.0,2027-03-17
978-1-90-225298-1,Shadow in the Attic #399,Unlock the truth about detective in this exploration of crime scene and mystery.,741,6.0,2027-03-18
978-9-17-132728-8,Shadow in the Attic #983,"A compelling story involving hidden truth, clue, and the search for detective.",742,6.0,2027-03-19
979-1-21-667973-4,Starlight Promises #813,"A compelling story involving romance, heartbreak, and the search for soulmate.",743,6.0,2027-03-20
979-7-43-272763-3,Wings of Magic #186,Unlock the truth about dragon in this exploration of legendary and sorcerer.,744,2.0,2027-03-21
978-5-79-981518-9,Colonial Winds #272,Unlock the truth about tradition in this exploration of ancient history and ancestors.,745,4.0,2027-03-22
979-8-47-807680-6,Crimson Night #195,Unlock the truth about haunted in this exploration of blood and ghost.,746,7.0,2027-03-23
979-8-26-980774-1,The Midnight Clue #547,Unlock the truth about mystery in this exploration of detective and suspect.,747,4.0,2027-03-24
979-8-43-407159-6,Wings of Magic #287,Everything changes when spells meets ancient kingdom. A deep dive into sorcerer.,748,8.0,2027-03-25
978-0-56-169685-4,The Dragon's Eye #974,Unlock the truth about legendary in this exploration of dragon and spells.,749,10.0,2027-03-26
979-9-42-202729-4,The Dragon's Eye #132,Unlock the truth about quest in this exploration of spells and legendary.,750,7.0,2027-03-27
979-6-98-378434-5,Quiet Storms #752,Everything changes when emotion meets life. A deep dive into family secrets.,751,2.0,2027-03-28
979-7-36-466525-0,The Last Wizard #394,Unlock the truth about quest in this exploration of sorcerer and dragon.,752,6.0,2027-03-29
978-2-23-830080-0,Silicon Dreams #368,Unlock the truth about galaxy in this exploration of dystopian future and starship.,753,1.0,2027-03-30
978-1-83-439145-7,The Last Wizard #671,Everything changes when sorcerer meets spells. A deep dive into legendary.,754,5.0,2027-03-31
979-0-32-831691-8,The Great Expedition #416,"A compelling story involving journey, wildlife, and the search for survival.",755,9.0,2027-04-01
978-7-58-154123-5,Treasure of the Maya #782,Everything changes when expedition meets wildlife. A deep dive into exploration.,756,3.0,2027-04-02
978-3-90-836301-4,Broken Protocol #999,Everything changes when spy meets betrayal. A deep dive into suspense.,757,8.0,2027-04-03
979-2-06-147780-6,Buried Alive #917,"A compelling story involving supernatural, monster, and the search for haunted.",758,5.0,2027-04-04
979-6-78-016689-5,Lost Island #415,"A compelling story involving map, wildlife, and the search for survival.",759,7.0,2027-04-05
978-0-95-451769-9,Echoes of Rome #234,Everything changes when tradition meets past. A deep dive into ancestors.,760,2.0,2027-04-06
979-3-55-740610-4,The Shadow Guest #429,Unlock the truth about terrifying in this exploration of ghost and blood.,761,5.0,2027-04-07
978-5-31-068495-8,Into the Wild #861,Everything changes when survival meets exploration. A deep dive into expedition.,762,9.0,2027-04-08
979-3-19-182177-3,History of Art #339,Unlock the truth about analysis in this exploration of discovery and biography.,763,10.0,2027-04-09
978-6-05-097099-2,Colonial Winds #954,"A compelling story involving ancient history, ancestors, and the search for past.",764,3.0,2027-04-10
978-4-96-295906-9,Deadly Secrets #555,"A compelling story involving clue, detective, and the search for mystery.",765,3.0,2027-04-11
978-9-94-845501-6,Silicon Dreams #411,"A compelling story involving technology, alien, and the search for starship.",766,4.0,2027-04-12
979-6-01-526910-2,Summer in Paris #907,Everything changes when destiny meets soulmate. A deep dive into passion.,767,2.0,2027-04-13
979-2-47-914147-4,Silent Evidence #247,"A compelling story involving suspect, clue, and the search for investigation.",768,10.0,2027-04-14
979-9-80-271498-0,Crimson Night #588,Unlock the truth about terrifying in this exploration of supernatural and haunted.,769,5.0,2027-04-15
979-8-39-408561-4,Ancient Civilizations #671,Everything changes when comprehensive guide meets analysis. A deep dive into biography.,770,10.0,2027-04-16
979-7-43-179296-8,Chasing Shadows #630,Everything changes when relationships meets growth. A deep dive into life.,771,2.0,2027-04-17
979-9-59-324538-7,The Science of Habits #110,"A compelling story involving discovery, research, and the search for biography.",772,5.0,2027-04-18
978-9-33-183472-5,Infinite Void #324,"A compelling story involving dystopian future, artificial intelligence, and the search for starship.",773,8.0,2027-04-19
979-7-59-189101-5,Zero Hour #469,Unlock the truth about spy in this exploration of betrayal and ticking clock.,774,7.0,2027-04-20
978-2-07-028765-7,The Martian Protocol #427,"A compelling story involving starship, artificial intelligence, and the search for technology.",775,9.0,2027-04-21
978-4-59-765980-9,Treasure of the Maya #346,"A compelling story involving wildlife, expedition, and the search for journey.",776,3.0,2027-04-22
979-9-62-357390-6,Nebula Rising #719,"A compelling story involving dystopian future, starship, and the search for quantum.",777,10.0,2027-04-23
978-9-94-302406-2,Summer in Paris #756,Unlock the truth about falling in love in this exploration of heartbreak and destiny.,778,9.0,2027-04-24
979-3-83-467003-0,The Dragon's Eye #471,Everything changes when ancient kingdom meets quest. A deep dive into spells.,779,10.0,2027-04-25
979-7-22-765013-7,Love's Echo #512,Everything changes when soulmate meets destiny. A deep dive into romance.,780,6.0,2027-04-26
978-5-03-525210-9,Deadly Secrets #493,Everything changes when suspect meets crime scene. A deep dive into clue.,781,8.0,2027-04-27
979-2-14-866692-7,Empire's End #309,Everything changes when century meets monarchy. A deep dive into ancient history.,782,9.0,2027-04-28
978-9-30-499155-2,Treasure of the Maya #460,Unlock the truth about wildlife in this exploration of survival and map.,783,4.0,2027-04-29
978-2-71-309496-2,Love's Echo #463,"A compelling story involving destiny, soulmate, and the search for affection.",784,8.0,2027-04-30
979-9-84-449168-0,Colonial Winds #841,Everything changes when monarchy meets tradition. A deep dive into revolution.,785,3.0,2027-05-01
978-9-77-612907-1,Heartbeats #934,Everything changes when passion meets affection. A deep dive into falling in love.,786,1.0,2027-05-02
979-3-35-193603-2,Infinite Void #545,Unlock the truth about starship in this exploration of quantum and galaxy.,787,10.0,2027-05-03
979-8-90-050985-5,The Victorian Secret #240,Everything changes when tradition meets century. A deep dive into monarchy.,788,5.0,2027-05-04
979-1-66-898667-6,Heartbeats #123,Everything changes when romance meets falling in love. A deep dive into affection.,789,9.0,2027-05-05
978-6-87-619162-7,The Last Wizard #185,"A compelling story involving quest, spells, and the search for legendary.",790,1.0,2027-05-06
979-9-82-725895-3,Starlight Promises #984,Unlock the truth about falling in love in this exploration of affection and romance.,791,4.0,2027-05-07
978-4-16-881349-2,Infinite Void #115,Everything changes when artificial intelligence meets galaxy. A deep dive into quantum.,792,4.0,2027-05-08
978-8-69-318535-8,History of Art #948,Unlock the truth about biography in this exploration of discovery and comprehensive guide.,793,7.0,2027-05-09
978-5-21-874489-1,The Last Wizard #452,Everything changes when magical artifacts meets dragon. A deep dive into sorcerer.,794,6.0,2027-05-10
978-4-32-549169-8,Wings of Magic #513,Unlock the truth about magical artifacts in this exploration of dragon and sorcerer.,795,2.0,2027-05-11
979-9-03-931913-4,Crimson Night #107,Everything changes when ghost meets blood. A deep dive into supernatural.,796,2.0,2027-05-12
979-3-71-087653-4,Buried Alive #471,Everything changes when nightmare meets blood. A deep dive into supernatural.,797,6.0,2027-05-13
979-8-78-641835-6,The Space Age #288,"A compelling story involving comprehensive guide, facts, and the search for research.",798,4.0,2027-05-14
978-9-26-134156-2,Deadly Secrets #705,Unlock the truth about crime scene in this exploration of mystery and detective.,799,,
