user_id,username,email,password
1,charlie_white943,charlie_white943@library.mail.com,pass_charlie_white943
2,emerson_wilson969,emerson_wilson969@library.mail.com,pass_emerson_wilson969
3,harper_brown252,harper_brown252@library.mail.com,pass_harper_brown252
4,casey_martinez807,casey_martinez807@library.mail.com,pass_casey_martinez807
5,charlie_wilson688,charlie_wilson688@library.mail.com,pass_charlie_wilson688
6,charlie_doe324,charlie_doe324@library.mail.com,pass_charlie_doe324
7,riley_moore727,riley_moore727@library.mail.com,pass_riley_moore727
8,jordan_robinson532,jordan_robinson532@library.mail.com,pass_jordan_robinson532
9,charlie_clark569,charlie_clark569@library.mail.com,pass_charlie_clark569
10,rowan_thomas839,rowan_thomas839@library.mail.com,pass_rowan_thomas839
11,sam_harris529,sam_harris529@library.mail.com,pass_sam_harris529
12,sam_davis723,sam_davis723@library.mail.com,pass_sam_davis723
13,quinn_miller681,quinn_miller681@library.mail.com,pass_quinn_miller681
14,hayden_thomas803,hayden_thomas803@library.mail.com,pass_hayden_thomas803
15,sam_martin905,sam_martin905@library.mail.com,pass_sam_martin905
16,charlie_thompson768,charlie_thompson768@library.mail.com,pass_charlie_thompson768
17,sam_smith20,sam_smith20@library.mail.com,pass_sam_smith20
18,jessie_brown992,jessie_brown992@library.mail.com,pass_jessie_brown992
19,cameron_white51,cameron_white51@library.mail.com,pass_cameron_white51
20,hayden_wilson255,hayden_wilson255@library.mail.com,pass_hayden_wilson255
21,cameron_thomas223,cameron_thomas223@library.mail.com,pass_cameron_thomas223
22,jessie_moore659,jessie_moore659@library.mail.com,pass_jessie_moore659
23,harper_taylor509,harper_taylor509@library.mail.com,pass_harper_taylor509
24,rowan_robinson572,rowan_robinson572@library.mail.com,pass_rowan_robinson572
25,casey_jackson783,casey_jackson783@library.mail.com,pass_casey_jackson783
26,avery_harris505,avery_harris505@library.mail.com,pass_avery_harris505
27,cameron_robinson996,cameron_robinson996@library.mail.com,pass_cameron_robinson996
28,morgan_jones276,morgan_jones276@library.mail.com,pass_morgan_jones276
29,taylor_jackson510,taylor_jackson510@library.mail.com,pass_taylor_jackson510
30,charlie_jones573,charlie_jones573@library.mail.com,pass_charlie_jones573
31,drew_thompson765,drew_thompson765@library.mail.com,pass_drew_thompson765
32,morgan_white59,morgan_white59@library.mail.com,pass_morgan_white59
33,jordan_thomas887,jordan_thomas887@library.mail.com,pass_jordan_thomas887
34,alex_moore539,alex_moore539@library.mail.com,pass_alex_moore539
35,jamie_thomas703,jamie_thomas703@library.mail.com,pass_jamie_thomas703
36,skyler_smith626,skyler_smith626@library.mail.com,pass_skyler_smith626
37,skyler_jones178,skyler_jones178@library.mail.com,pass_skyler_jones178
38,taylor_thompson279,taylor_thompson279@library.mail.com,pass_taylor_thompson279
39,quinn_anderson904,quinn_anderson904@library.mail.com,pass_quinn_anderson904
40,casey_anderson791,casey_anderson791@library.mail.com,pass_casey_anderson791
41,kendall_robinson184,kendall_robinson184@library.mail.com,pass_kendall_robinson184
42,taylor_brown549,taylor_brown549@library.mail.com,pass_taylor_brown549
43,emerson_doe219,emerson_doe219@library.mail.com,pass_emerson_doe219
44,kendall_clark660,kendall_clark660@library.mail.com,pass_kendall_clark660
45,alex_clark420,alex_clark420@library.mail.com,pass_alex_clark420
46,taylor_jackson339,taylor_jackson339@library.mail.com,pass_taylor_jackson339
47,jamie_davis655,jamie_davis655@library.mail.com,pass_jamie_davis655
48,hayden_brown868,hayden_brown868@library.mail.com,pass_hayden_brown868
49,alex_miller458,alex_miller458@library.mail.com,pass_alex_miller458
50,avery_white816,avery_white816@library.mail.com,pass_avery_white816
51,jessie_robinson186,jessie_robinson186@library.mail.com,pass_jessie_robinson186
52,riley_jones936,riley_jones936@library.mail.com,pass_riley_jones936
53,riley_clark639,riley_clark639@library.mail.com,pass_riley_clark639
54,rowan_thomas606,rowan_thomas606@library.mail.com,pass_rowan_thomas606
55,jessie_taylor683,jessie_taylor683@library.mail.com,pass_jessie_taylor683
56,casey_garcia789,casey_garcia789@library.mail.com,pass_casey_garcia789
57,sam_harris946,sam_harris946@library.mail.com,pass_sam_harris946
58,taylor_harris224,taylor_harris224@library.mail.com,pass_taylor_harris224
59,kendall_smith793,kendall_smith793@library.mail.com,pass_kendall_smith793
60,harper_moore218,harper_moore218@library.mail.com,pass_harper_moore218
61,taylor_martinez916,taylor_martinez916@library.mail.com,pass_taylor_martinez916
62,taylor_smith260,taylor_smith260@library.mail.com,pass_taylor_smith260
63,quinn_clark460,quinn_clark460@library.mail.com,pass_quinn_clark460
64,emerson_garcia952,emerson_garcia952@library.mail.com,pass_emerson_garcia952
65,rowan_doe513,rowan_doe513@library.mail.com,pass_rowan_doe513
66,charlie_jackson737,charlie_jackson737@library.mail.com,pass_charlie_jackson737
67,cameron_thomas724,cameron_thomas724@library.mail.com,pass_cameron_thomas724
68,sam_wilson171,sam_wilson171@library.mail.com,pass_sam_wilson171
69,charlie_doe520,charlie_doe520@library.mail.com,pass_charlie_doe520
70,jessie_jackson733,jessie_jackson733@library.mail.com,pass_jessie_jackson733
71,skyler_davis97,skyler_davis97@library.mail.com,pass_skyler_davis97
72,emerson_wilson462,emerson_wilson462@library.mail.com,pass_emerson_wilson462
73,hayden_martinez551,hayden_martinez551@library.mail.com,pass_hayden_martinez551
74,kendall_harris244,kendall_harris244@library.mail.com,pass_kendall_harris244
75,avery_martin734,avery_martin734@library.mail.com,pass_avery_martin734
76,casey_garcia680,casey_garcia680@library.mail.com,pass_casey_garcia680
77,alex_jackson554,alex_jackson554@library.mail.com,pass_alex_jackson554
78,rowan_robinson493,rowan_robinson493@library.mail.com,pass_rowan_robinson493
79,jamie_garcia408,jamie_garcia408@library.mail.com,pass_jamie_garcia408
80,jessie_wilson706,jessie_wilson706@library.mail.com,pass_jessie_wilson706
81,rowan_moore549,rowan_moore549@library.mail.com,pass_rowan_moore549
82,jamie_wilson998,jamie_wilson998@library.mail.com,pass_jamie_wilson998
83,jamie_martinez58,jamie_martinez58@library.mail.com,pass_jamie_martinez58
84,drew_jackson194,drew_jackson194@library.mail.com,pass_drew_jackson194
85,sam_wilson508,sam_wilson508@library.mail.com,pass_sam_wilson508
86,harper_doe12,harper_doe12@library.mail.com,pass_harper_doe12
87,casey_robinson46,casey_robinson46@library.mail.com,pass_casey_robinson46
88,cameron_miller190,cameron_miller190@library.mail.com,pass_cameron_miller190
89,quinn_harris601,quinn_harris601@library.mail.com,pass_quinn_harris601
90,skyler_martinez91,skyler_martinez91@library.mail.com,pass_skyler_martinez91
91,sam_martinez958,sam_martinez958@library.mail.com,pass_sam_martinez958
92,taylor_thomas760,taylor_thomas760@library.mail.com,pass_taylor_thomas760
93,kendall_thomas411,kendall_thomas411@library.mail.com,pass_kendall_thomas411
94,casey_moore335,casey_moore335@library.mail.com,pass_casey_moore335
95,harper_garcia284,harper_garcia284@library.mail.com,pass_harper_garcia284
96,jamie_jackson421,jamie_jackson421@library.mail.com,pass_jamie_jackson421
97,taylor_taylor760,taylor_taylor760@library.mail.com,pass_taylor_taylor760
98,avery_jones690,avery_jones690@library.mail.com,pass_avery_jones690
99,drew_doe811,drew_doe811@library.mail.com,pass_drew_doe811
100,casey_anderson984,casey_anderson984@library.mail.com,pass_casey_anderson984
101,cameron_moore153,cameron_moore153@library.mail.com,pass_cameron_moore153
102,rowan_martinez556,rowan_martinez556@library.mail.com,pass_rowan_martinez556
103,jessie_garcia206,jessie_garcia206@library.mail.com,pass_jessie_garcia206
104,avery_anderson620,avery_anderson620@library.mail.com,pass_avery_anderson620
105,jessie_doe867,jessie_doe867@library.mail.com,pass_jessie_doe867
106,cameron_martinez957,cameron_martinez957@library.mail.com,pass_cameron_martinez957
107,jamie_white894,jamie_white894@library.mail.com,pass_jamie_white894
108,rowan_thomas570,rowan_thomas570@library.mail.com,pass_rowan_thomas570
109,harper_brown572,harper_brown572@library.mail.com,pass_harper_brown572
110,cameron_davis253,cameron_davis253@library.mail.com,pass_cameron_davis253
111,emerson_martinez788,emerson_martinez788@library.mail.com,pass_emerson_martinez788
112,rowan_clark531,rowan_clark531@library.mail.com,pass_rowan_clark531
113,emerson_wilson122,emerson_wilson122@library.mail.com,pass_emerson_wilson122
114,sam_wilson308,sam_wilson308@library.mail.com,pass_sam_wilson308
115,harper_martin160,harper_martin160@library.mail.com,pass_harper_martin160
116,taylor_martin790,taylor_martin790@library.mail.com,pass_taylor_martin790
117,emerson_thomas515,emerson_thomas515@library.mail.com,pass_emerson_thomas515
118,alex_garcia676,alex_garcia676@library.mail.com,pass_alex_garcia676
119,jessie_robinson737,jessie_robinson737@library.mail.com,pass_jessie_robinson737
120,avery_moore21,avery_moore21@library.mail.com,pass_avery_moore21
121,rowan_wilson610,rowan_wilson610@library.mail.com,pass_rowan_wilson610
122,morgan_jones657,morgan_jones657@library.mail.com,pass_morgan_jones657
123,morgan_davis205,morgan_davis205@library.mail.com,pass_morgan_davis205
124,rowan_brown703,rowan_brown703@library.mail.com,pass_rowan_brown703
125,cameron_brown773,cameron_brown773@library.mail.com,pass_cameron_brown773
126,jordan_brown418,jordan_brown418@library.mail.com,pass_jordan_brown418
127,avery_garcia231,avery_garcia231@library.mail.com,pass_avery_garcia231
128,jessie_garcia962,jessie_garcia962@library.mail.com,pass_jessie_garcia962
129,avery_martinez334,avery_martinez334@library.mail.com,pass_avery_martinez334
130,kendall_moore687,kendall_moore687@library.mail.com,pass_kendall_moore687
131,quinn_brown573,quinn_brown573@library.mail.com,pass_quinn_brown573
132,cameron_robinson708,cameron_robinson708@library.mail.com,pass_cameron_robinson708
133,drew_garcia200,drew_garcia200@library.mail.com,pass_drew_garcia200
134,avery_davis565,avery_davis565@library.mail.com,pass_avery_davis565
135,avery_jackson84,avery_jackson84@library.mail.com,pass_avery_jackson84
136,jessie_thompson421,jessie_thompson421@library.mail.com,pass_jessie_thompson421
137,morgan_clark330,morgan_clark330@library.mail.com,pass_morgan_clark330
138,rowan_smith24,rowan_smith24@library.mail.com,pass_rowan_smith24
139,jordan_moore898,jordan_moore898@library.mail.com,pass_jordan_moore898
140,avery_harris444,avery_harris444@library.mail.com,pass_avery_harris444
141,casey_jackson882,casey_jackson882@library.mail.com,pass_casey_jackson882
142,jessie_martin132,jessie_martin132@library.mail.com,pass_jessie_martin132
143,alex_anderson658,alex_anderson658@library.mail.com,pass_alex_anderson658
144,riley_taylor366,riley_taylor366@library.mail.com,pass_riley_taylor366
145,emerson_white156,emerson_white156@library.mail.com,pass_emerson_white156
146,drew_doe14,drew_doe14@library.mail.com,pass_drew_doe14
147,emerson_robinson15,emerson_robinson15@library.mail.com,pass_emerson_robinson15
148,riley_martinez766,riley_martinez766@library.mail.com,pass_riley_martinez766
149,quinn_jackson301,quinn_jackson301@library.mail.com,pass_quinn_jackson301
150,sam_clark984,sam_clark984@library.mail.com,pass_sam_clark984
151,skyler_wilson832,skyler_wilson832@library.mail.com,pass_skyler_wilson832
152,kendall_robinson94,kendall_robinson94@library.mail.com,pass_kendall_robinson94
153,riley_jackson927,riley_jackson927@library.mail.com,pass_riley_jackson927
154,riley_doe97,riley_doe97@library.mail.com,pass_riley_doe97
155,avery_white16,avery_white16@library.mail.com,pass_avery_white16
156,skyler_robinson550,skyler_robinson550@library.mail.com,pass_skyler_robinson550
157,hayden_jones220,hayden_jones220@library.mail.com,pass_hayden_jones220
158,sam_doe870,sam_doe870@library.mail.com,pass_sam_doe870
159,jamie_thompson133,jamie_thompson133@library.mail.com,pass_jamie_thompson133
160,jessie_white744,jessie_white744@library.mail.com,pass_jessie_white744
161,skyler_clark328,skyler_clark328@library.mail.com,pass_skyler_clark328
162,taylor_wilson510,taylor_wilson510@library.mail.com,pass_taylor_wilson510
163,sam_doe289,sam_doe289@library.mail.com,pass_sam_doe289
164,emerson_jones395,emerson_jones395@library.mail.com,pass_emerson_jones395
165,alex_garcia758,alex_garcia758@library.mail.com,pass_alex_garcia758
166,riley_jones896,riley_jones896@library.mail.com,pass_riley_jones896
167,sam_martinez789,sam_martinez789@library.mail.com,pass_sam_martinez789
168,charlie_moore424,charlie_moore424@library.mail.com,pass_charlie_moore424
169,drew_robinson85,drew_robinson85@library.mail.com,pass_drew_robinson85
170,drew_garcia570,drew_garcia570@library.mail.com,pass_drew_garcia570
171,skyler_clark959,skyler_clark959@library.mail.com,pass_skyler_clark959
172,alex_smith578,alex_smith578@library.mail.com,pass_alex_smith578
173,jessie_martin529,jessie_martin529@library.mail.com,pass_jessie_martin529
174,alex_white954,alex_white954@library.mail.com,pass_alex_white954
175,skyler_doe416,skyler_doe416@library.mail.com,pass_skyler_doe416
176,avery_doe553,avery_doe553@library.mail.com,pass_avery_doe553
177,rowan_harris136,rowan_harris136@library.mail.com,pass_rowan_harris136
178,charlie_jones386,charlie_jones386@library.mail.com,pass_charlie_jones386
179,cameron_clark28,cameron_clark28@library.mail.com,pass_cameron_clark28
180,riley_jackson485,riley_jackson485@library.mail.com,pass_riley_jackson485
181,skyler_white669,skyler_white669@library.mail.com,pass_skyler_white669
182,harper_thomas842,harper_thomas842@library.mail.com,pass_harper_thomas842
183,jamie_jones143,jamie_jones143@library.mail.com,pass_jamie_jones143
184,harper_robinson640,harper_robinson640@library.mail.com,pass_harper_robinson640
185,taylor_wilson694,taylor_wilson694@library.mail.com,pass_taylor_wilson694
186,skyler_thompson249,skyler_thompson249@library.mail.com,pass_skyler_thompson249
187,avery_moore120,avery_moore120@library.mail.com,pass_avery_moore120
188,hayden_thompson634,hayden_thompson634@library.mail.com,pass_hayden_thompson634
189,drew_martin165,drew_martin165@library.mail.com,pass_drew_martin165
190,riley_moore372,riley_moore372@library.mail.com,pass_riley_moore372
191,morgan_harris544,morgan_harris544@library.mail.com,pass_morgan_harris544
192,taylor_moore144,taylor_moore144@library.mail.com,pass_taylor_moore144
193,jessie_thomas894,jessie_thomas894@library.mail.com,pass_jessie_thomas894
194,drew_moore725,drew_moore725@library.mail.com,pass_drew_moore725
195,alex_taylor743,alex_taylor743@library.mail.com,pass_alex_taylor743
196,quinn_doe861,quinn_doe861@library.mail.com,pass_quinn_doe861
197,charlie_thompson743,charlie_thompson743@library.mail.com,pass_charlie_thompson743
198,morgan_wilson708,morgan_wilson708@library.mail.com,pass_morgan_wilson708
199,morgan_anderson541,morgan_anderson541@library.mail.com,pass_morgan_anderson541
200,casey_wilson881,casey_wilson881@library.mail.com,pass_casey_wilson881
